#Data Set Export - PC.Working@4B02P,,,,
"GRADEDESCRIPTIONS-3=GAP, -2=UNUSABLE, -1=UNSPECIFIED, 0=UNDEF, 11=POOR, 21=ESTIMATED, 25=BEST PRACTICE, 31=GOOD, 41=VERYGOOD, 51=EXCELLENT, APPROVALDESCRIPTIONS 800=WORKING, 900=IN REVIEW, 1200=APPROVED",,,,
Timestamp (UTC),Value (mm),Grade Code,Approval Level,Interpolation Type
2022-07-20 22:00:00,177,0,800,1
2022-07-20 23:00:00,177.7,0,800,1
2022-07-21 00:00:00,177.8,0,800,1
2022-07-21 01:00:00,177.6,0,800,1
2022-07-21 02:00:00,177.4,0,800,1
2022-07-21 03:00:00,177.3,0,800,1
2022-07-21 04:00:00,177.4,0,800,1
2022-07-21 05:00:00,177.4,0,800,1
2022-07-21 06:00:00,177.2,0,800,1
2022-07-21 07:00:00,177,0,800,1
2022-07-21 08:00:00,177,0,800,1
2022-07-21 09:00:00,176.7,0,800,1
2022-07-21 10:00:00,176.7,0,800,1
2022-07-21 11:00:00,176.4,0,800,1
2022-07-21 12:00:00,176.4,0,800,1
2022-07-21 13:00:00,176.4,0,800,1
2022-07-21 14:00:00,176.3,0,800,1
2022-07-21 15:00:00,176.4,0,800,1
2022-07-21 16:00:00,176.4,0,800,1
2022-07-21 17:00:00,176.4,0,800,1
2022-07-21 18:00:00,176.3,0,800,1
2022-07-21 19:00:00,176.5,0,800,1
2022-07-21 20:00:00,176.6,0,800,1
2022-07-21 21:00:00,177,0,800,1
2022-07-21 22:00:00,177.3,0,800,1
2022-07-21 23:00:00,177.3,0,800,1
2022-07-22 00:00:00,177.7,0,800,1
2022-07-22 01:00:00,177.7,0,800,1
2022-07-22 02:00:00,177.9,0,800,1
2022-07-22 03:00:00,177.8,0,800,1
2022-07-22 04:00:00,178,0,800,1
2022-07-22 05:00:00,177.5,0,800,1
2022-07-22 06:00:00,177.1,0,800,1
2022-07-22 07:00:00,176.7,0,800,1
2022-07-22 08:00:00,176.4,0,800,1
2022-07-22 09:00:00,176.1,0,800,1
2022-07-22 10:00:00,175.8,0,800,1
2022-07-22 11:00:00,175.6,0,800,1
2022-07-22 12:00:00,175.3,0,800,1
2022-07-22 13:00:00,175.1,0,800,1
2022-07-22 14:00:00,175,0,800,1
2022-07-22 15:00:00,175.3,0,800,1
2022-07-22 16:00:00,175.6,0,800,1
2022-07-22 17:00:00,176.2,0,800,1
2022-07-22 18:00:00,176.5,0,800,1
2022-07-22 19:00:00,177.1,0,800,1
2022-07-22 20:00:00,177.5,0,800,1
2022-07-22 21:00:00,177.5,0,800,1
2022-07-22 22:00:00,177.6,0,800,1
2022-07-22 23:00:00,178.4,0,800,1
2022-07-23 00:00:00,178.5,0,800,1
2022-07-23 01:00:00,178.6,0,800,1
2022-07-23 02:00:00,178.7,0,800,1
2022-07-23 03:00:00,178.6,0,800,1
2022-07-23 04:00:00,178.6,0,800,1
2022-07-23 05:00:00,178.2,0,800,1
2022-07-23 06:00:00,177.7,0,800,1
2022-07-23 07:00:00,177.3,0,800,1
2022-07-23 08:00:00,176.9,0,800,1
2022-07-23 09:00:00,176.6,0,800,1
2022-07-23 10:00:00,176.4,0,800,1
2022-07-23 11:00:00,176.3,0,800,1
2022-07-23 12:00:00,176.2,0,800,1
2022-07-23 13:00:00,176.3,0,800,1
2022-07-23 14:00:00,176.1,0,800,1
2022-07-23 15:00:00,176.2,0,800,1
2022-07-23 16:00:00,176.5,0,800,1
2022-07-23 17:00:00,176.4,0,800,1
2022-07-23 18:00:00,176.7,0,800,1
2022-07-23 19:00:00,177,0,800,1
2022-07-23 20:00:00,176.8,0,800,1
2022-07-23 21:00:00,177.3,0,800,1
2022-07-23 22:00:00,177.4,0,800,1
2022-07-23 23:00:00,177.6,0,800,1
2022-07-24 00:00:00,177.5,0,800,1
2022-07-24 01:00:00,177.5,0,800,1
2022-07-24 02:00:00,177.5,0,800,1
2022-07-24 03:00:00,177.5,0,800,1
2022-07-24 04:00:00,177.4,0,800,1
2022-07-24 05:00:00,177.2,0,800,1
2022-07-24 06:00:00,177.1,0,800,1
2022-07-24 07:00:00,177.2,0,800,1
2022-07-24 08:00:00,177.1,0,800,1
2022-07-24 09:00:00,176.9,0,800,1
2022-07-24 10:00:00,176.9,0,800,1
2022-07-24 11:00:00,176.9,0,800,1
2022-07-24 12:00:00,176.8,0,800,1
2022-07-24 13:00:00,176.7,0,800,1
2022-07-24 14:00:00,176.8,0,800,1
2022-07-24 15:00:00,176.6,0,800,1
2022-07-24 16:00:00,176.8,0,800,1
2022-07-24 17:00:00,176.6,0,800,1
2022-07-24 18:00:00,176.8,0,800,1
2022-07-24 19:00:00,177.3,0,800,1
2022-07-24 20:00:00,177.7,0,800,1
2022-07-24 21:00:00,177.9,0,800,1
2022-07-24 22:00:00,178.5,0,800,1
2022-07-24 23:00:00,179.5,0,800,1
2022-07-25 00:00:00,179.5,0,800,1
2022-07-25 01:00:00,179.5,0,800,1
2022-07-25 02:00:00,179.7,0,800,1
2022-07-25 03:00:00,179.7,0,800,1
2022-07-25 04:00:00,179.7,0,800,1
2022-07-25 05:00:00,179.8,0,800,1
2022-07-25 06:00:00,179.7,0,800,1
2022-07-25 07:00:00,179.6,0,800,1
2022-07-25 08:00:00,179.7,0,800,1
2022-07-25 09:00:00,179.7,0,800,1
2022-07-25 10:00:00,179.8,0,800,1
2022-07-25 11:00:00,179.6,0,800,1
2022-07-25 12:00:00,179.7,0,800,1
2022-07-25 13:00:00,179.8,0,800,1
2022-07-25 14:00:00,179.8,0,800,1
2022-07-25 15:00:00,179.7,0,800,1
2022-07-25 16:00:00,179.8,0,800,1
2022-07-25 17:00:00,179.8,0,800,1
2022-07-25 18:00:00,179.9,0,800,1
2022-07-25 19:00:00,180.3,0,800,1
2022-07-25 20:00:00,180.3,0,800,1
2022-07-25 21:00:00,180.3,0,800,1
2022-07-25 22:00:00,180.9,0,800,1
2022-07-25 23:00:00,181.1,0,800,1
2022-07-26 00:00:00,181.3,0,800,1
2022-07-26 01:00:00,181.4,0,800,1
2022-07-26 02:00:00,181.1,0,800,1
2022-07-26 03:00:00,181.4,0,800,1
2022-07-26 04:00:00,181.4,0,800,1
2022-07-26 05:00:00,181.3,0,800,1
2022-07-26 06:00:00,181.1,0,800,1
2022-07-26 07:00:00,180.9,0,800,1
2022-07-26 08:00:00,180.7,0,800,1
2022-07-26 09:00:00,180.6,0,800,1
2022-07-26 10:00:00,180.6,0,800,1
2022-07-26 11:00:00,180.6,0,800,1
2022-07-26 12:00:00,180.5,0,800,1
2022-07-26 13:00:00,180.3,0,800,1
2022-07-26 14:00:00,180.3,0,800,1
2022-07-26 15:00:00,180.2,0,800,1
2022-07-26 16:00:00,180.5,0,800,1
2022-07-26 17:00:00,180.5,0,800,1
2022-07-26 18:00:00,181.1,0,800,1
2022-07-26 19:00:00,181,0,800,1
2022-07-26 20:00:00,181.4,0,800,1
2022-07-26 21:00:00,181.9,0,800,1
2022-07-26 22:00:00,181.9,0,800,1
2022-07-26 23:00:00,182.3,0,800,1
2022-07-27 00:00:00,182.3,0,800,1
2022-07-27 01:00:00,182.4,0,800,1
2022-07-27 02:00:00,182.6,0,800,1
2022-07-27 03:00:00,182.7,0,800,1
2022-07-27 04:00:00,182.8,0,800,1
2022-07-27 05:00:00,182.3,0,800,1
2022-07-27 06:00:00,181.8,0,800,1
2022-07-27 07:00:00,181.3,0,800,1
2022-07-27 08:00:00,180.9,0,800,1
2022-07-27 09:00:00,180.6,0,800,1
2022-07-27 10:00:00,180.2,0,800,1
2022-07-27 11:00:00,180,0,800,1
2022-07-27 12:00:00,179.9,0,800,1
2022-07-27 13:00:00,179.7,0,800,1
2022-07-27 14:00:00,179.7,0,800,1
2022-07-27 15:00:00,179.9,0,800,1
2022-07-27 16:00:00,180.2,0,800,1
2022-07-27 17:00:00,180.9,0,800,1
2022-07-27 18:00:00,181.3,0,800,1
2022-07-27 19:00:00,181.6,0,800,1
2022-07-27 20:00:00,182.2,0,800,1
2022-07-27 21:00:00,182.6,0,800,1
2022-07-27 22:00:00,183,0,800,1
2022-07-27 23:00:00,183.1,0,800,1
2022-07-28 00:00:00,183.2,0,800,1
2022-07-28 01:00:00,183.3,0,800,1
2022-07-28 02:00:00,183.3,0,800,1
2022-07-28 03:00:00,183.5,0,800,1
2022-07-28 04:00:00,183.4,0,800,1
2022-07-28 05:00:00,182.8,0,800,1
2022-07-28 06:00:00,182.3,0,800,1
2022-07-28 07:00:00,181.7,0,800,1
2022-07-28 08:00:00,181.3,0,800,1
2022-07-28 09:00:00,181.1,0,800,1
2022-07-28 10:00:00,180.9,0,800,1
2022-07-28 11:00:00,180.6,0,800,1
2022-07-28 12:00:00,180.5,0,800,1
2022-07-28 13:00:00,180.3,0,800,1
2022-07-28 14:00:00,180,0,800,1
2022-07-28 15:00:00,180.4,0,800,1
2022-07-28 16:00:00,180.7,0,800,1
2022-07-28 17:00:00,180.8,0,800,1
2022-07-28 18:00:00,181.5,0,800,1
2022-07-28 19:00:00,181.8,0,800,1
2022-07-28 20:00:00,182.4,0,800,1
2022-07-28 21:00:00,182.2,0,800,1
2022-07-28 22:00:00,182.9,0,800,1
2022-07-28 23:00:00,183,0,800,1
2022-07-29 00:00:00,183.2,0,800,1
2022-07-29 01:00:00,182.8,0,800,1
2022-07-29 02:00:00,183,0,800,1
2022-07-29 03:00:00,183.2,0,800,1
2022-07-29 04:00:00,182.9,0,800,1
2022-07-29 05:00:00,182.3,0,800,1
2022-07-29 06:00:00,182.2,0,800,1
2022-07-29 07:00:00,181.8,0,800,1
2022-07-29 08:00:00,181.6,0,800,1
2022-07-29 09:00:00,181.2,0,800,1
2022-07-29 10:00:00,180.8,0,800,1
2022-07-29 11:00:00,180.8,0,800,1
2022-07-29 12:00:00,180.5,0,800,1
2022-07-29 13:00:00,180.3,0,800,1
2022-07-29 14:00:00,180.1,0,800,1
2022-07-29 15:00:00,180.4,0,800,1
2022-07-29 16:00:00,180.6,0,800,1
2022-07-29 17:00:00,181.1,0,800,1
2022-07-29 18:00:00,181,0,800,1
2022-07-29 19:00:00,181.3,0,800,1
2022-07-29 20:00:00,182,0,800,1
2022-07-29 21:00:00,181.9,0,800,1
2022-07-29 22:00:00,182.2,0,800,1
2022-07-29 23:00:00,182.5,0,800,1
2022-07-30 00:00:00,182.1,0,800,1
2022-07-30 01:00:00,182.5,0,800,1
2022-07-30 02:00:00,182.5,0,800,1
2022-07-30 03:00:00,182,0,800,1
2022-07-30 04:00:00,182.4,0,800,1
2022-07-30 05:00:00,182,0,800,1
2022-07-30 06:00:00,181.6,0,800,1
2022-07-30 07:00:00,181.4,0,800,1
2022-07-30 08:00:00,181.1,0,800,1
2022-07-30 09:00:00,181.1,0,800,1
2022-07-30 10:00:00,180.7,0,800,1
2022-07-30 11:00:00,180.7,0,800,1
2022-07-30 12:00:00,180.5,0,800,1
2022-07-30 13:00:00,180.4,0,800,1
2022-07-30 14:00:00,180.3,0,800,1
2022-07-30 15:00:00,180.1,0,800,1
2022-07-30 16:00:00,180.6,0,800,1
2022-07-30 17:00:00,180.9,0,800,1
2022-07-30 18:00:00,181.3,0,800,1
2022-07-30 19:00:00,181.8,0,800,1
2022-07-30 20:00:00,182,0,800,1
2022-07-30 21:00:00,182,0,800,1
2022-07-30 22:00:00,182.3,0,800,1
2022-07-30 23:00:00,182.5,0,800,1
2022-07-31 00:00:00,182.7,0,800,1
2022-07-31 01:00:00,182.8,0,800,1
2022-07-31 02:00:00,183,0,800,1
2022-07-31 03:00:00,182.9,0,800,1
2022-07-31 04:00:00,182.9,0,800,1
2022-07-31 05:00:00,182.3,0,800,1
2022-07-31 06:00:00,181.9,0,800,1
2022-07-31 07:00:00,181.6,0,800,1
2022-07-31 08:00:00,181.4,0,800,1
2022-07-31 09:00:00,181.3,0,800,1
2022-07-31 10:00:00,181.1,0,800,1
2022-07-31 11:00:00,181.1,0,800,1
2022-07-31 12:00:00,181,0,800,1
2022-07-31 13:00:00,181,0,800,1
2022-07-31 14:00:00,181,0,800,1
2022-07-31 15:00:00,180.9,0,800,1
2022-07-31 16:00:00,181.1,0,800,1
2022-07-31 17:00:00,181.5,0,800,1
2022-07-31 18:00:00,181.8,0,800,1
2022-07-31 19:00:00,181.7,0,800,1
2022-07-31 20:00:00,181.9,0,800,1
2022-07-31 21:00:00,182.2,0,800,1
2022-07-31 22:00:00,181.7,0,800,1
2022-07-31 23:00:00,182.3,0,800,1
2022-08-01 00:00:00,182.5,0,800,1
2022-08-01 01:00:00,182.6,0,800,1
2022-08-01 02:00:00,182.6,0,800,1
2022-08-01 03:00:00,182.4,0,800,1
2022-08-01 04:00:00,182.3,0,800,1
2022-08-01 05:00:00,182.1,0,800,1
2022-08-01 06:00:00,181.8,0,800,1
2022-08-01 07:00:00,181.6,0,800,1
2022-08-01 08:00:00,181.3,0,800,1
2022-08-01 09:00:00,181,0,800,1
2022-08-01 10:00:00,181,0,800,1
2022-08-01 11:00:00,180.8,0,800,1
2022-08-01 12:00:00,180.7,0,800,1
2022-08-01 13:00:00,180.5,0,800,1
2022-08-01 14:00:00,180.3,0,800,1
2022-08-01 15:00:00,180.2,0,800,1
2022-08-01 16:00:00,180.3,0,800,1
2022-08-01 17:00:00,180.6,0,800,1
2022-08-01 18:00:00,180.7,0,800,1
2022-08-01 19:00:00,181,0,800,1
2022-08-01 20:00:00,181.4,0,800,1
2022-08-01 21:00:00,181.6,0,800,1
2022-08-01 22:00:00,181.4,0,800,1
2022-08-01 23:00:00,181.6,0,800,1
2022-08-02 00:00:00,181.9,0,800,1
2022-08-02 01:00:00,181.8,0,800,1
2022-08-02 02:00:00,181.9,0,800,1
2022-08-02 03:00:00,181.8,0,800,1
2022-08-02 04:00:00,182,0,800,1
2022-08-02 05:00:00,181.7,0,800,1
2022-08-02 06:00:00,181.3,0,800,1
2022-08-02 07:00:00,180.9,0,800,1
2022-08-02 08:00:00,180.7,0,800,1
2022-08-02 09:00:00,180.3,0,800,1
2022-08-02 10:00:00,180,0,800,1
2022-08-02 11:00:00,179.8,0,800,1
2022-08-02 12:00:00,179.6,0,800,1
2022-08-02 13:00:00,179.5,0,800,1
2022-08-02 14:00:00,179.4,0,800,1
2022-08-02 15:00:00,179.5,0,800,1
2022-08-02 16:00:00,179.8,0,800,1
2022-08-02 17:00:00,179.6,0,800,1
2022-08-02 18:00:00,180.4,0,800,1
2022-08-02 19:00:00,181.9,0,800,1
2022-08-02 20:00:00,183.6,0,800,1
2022-08-02 21:00:00,184.4,0,800,1
2022-08-02 22:00:00,184.4,0,800,1
2022-08-02 23:00:00,184.4,0,800,1
2022-08-03 00:00:00,184.5,0,800,1
2022-08-03 01:00:00,184.7,0,800,1
2022-08-03 02:00:00,184.6,0,800,1
2022-08-03 03:00:00,184.3,0,800,1
2022-08-03 04:00:00,184.9,0,800,1
2022-08-03 05:00:00,184.7,0,800,1
2022-08-03 06:00:00,184.6,0,800,1
2022-08-03 07:00:00,184.4,0,800,1
2022-08-03 08:00:00,184.9,0,800,1
2022-08-03 09:00:00,184.7,0,800,1
2022-08-03 10:00:00,184.9,0,800,1
2022-08-03 11:00:00,184.8,0,800,1
2022-08-03 12:00:00,184.9,0,800,1
2022-08-03 13:00:00,184.9,0,800,1
2022-08-03 14:00:00,184.8,0,800,1
2022-08-03 15:00:00,184.6,0,800,1
2022-08-03 16:00:00,184.7,0,800,1
2022-08-03 17:00:00,185.5,0,800,1
2022-08-03 18:00:00,185.8,0,800,1
2022-08-03 19:00:00,186.2,0,800,1
2022-08-03 20:00:00,187,0,800,1
2022-08-03 21:00:00,187.2,0,800,1
2022-08-03 22:00:00,187.8,0,800,1
2022-08-03 23:00:00,187.9,0,800,1
2022-08-04 00:00:00,187.9,0,800,1
2022-08-04 01:00:00,188.3,0,800,1
2022-08-04 02:00:00,188.7,0,800,1
2022-08-04 03:00:00,189,0,800,1
2022-08-04 04:00:00,189.3,0,800,1
2022-08-04 05:00:00,189.1,0,800,1
2022-08-04 06:00:00,189,0,800,1
2022-08-04 07:00:00,189.1,0,800,1
2022-08-04 08:00:00,189.4,0,800,1
2022-08-04 09:00:00,189.2,0,800,1
2022-08-04 10:00:00,189.1,0,800,1
2022-08-04 11:00:00,189.2,0,800,1
2022-08-04 12:00:00,189.1,0,800,1
2022-08-04 13:00:00,189.2,0,800,1
2022-08-04 14:00:00,189.2,0,800,1
2022-08-04 15:00:00,189.3,0,800,1
2022-08-04 16:00:00,189.8,0,800,1
2022-08-04 17:00:00,189.8,0,800,1
2022-08-04 18:00:00,189.9,0,800,1
2022-08-04 19:00:00,190.3,0,800,1
2022-08-04 20:00:00,190.4,0,800,1
2022-08-04 21:00:00,190.6,0,800,1
2022-08-04 22:00:00,190.6,0,800,1
2022-08-04 23:00:00,190.9,0,800,1
2022-08-05 00:00:00,190.7,0,800,1
2022-08-05 01:00:00,191.2,0,800,1
2022-08-05 02:00:00,191.3,0,800,1
2022-08-05 03:00:00,191.6,0,800,1
2022-08-05 04:00:00,191.4,0,800,1
2022-08-05 05:00:00,191.2,0,800,1
2022-08-05 06:00:00,191,0,800,1
2022-08-05 07:00:00,190.8,0,800,1
2022-08-05 08:00:00,190.7,0,800,1
2022-08-05 09:00:00,190.4,0,800,1
2022-08-05 10:00:00,190.3,0,800,1
2022-08-05 11:00:00,190.1,0,800,1
2022-08-05 12:00:00,190,0,800,1
2022-08-05 13:00:00,189.9,0,800,1
2022-08-05 14:00:00,189.7,0,800,1
2022-08-05 15:00:00,189.8,0,800,1
2022-08-05 16:00:00,190.3,0,800,1
2022-08-05 17:00:00,190.5,0,800,1
2022-08-05 18:00:00,191,0,800,1
2022-08-05 19:00:00,191.2,0,800,1
2022-08-05 20:00:00,191.7,0,800,1
2022-08-05 21:00:00,191.8,0,800,1
2022-08-05 22:00:00,191.8,0,800,1
2022-08-05 23:00:00,192.1,0,800,1
2022-08-06 00:00:00,191.8,0,800,1
2022-08-06 01:00:00,192,0,800,1
2022-08-06 02:00:00,192,0,800,1
2022-08-06 03:00:00,192.1,0,800,1
2022-08-06 04:00:00,191.8,0,800,1
2022-08-06 05:00:00,191.8,0,800,1
2022-08-06 06:00:00,191.6,0,800,1
2022-08-06 07:00:00,191.7,0,800,1
2022-08-06 08:00:00,191.8,0,800,1
2022-08-06 09:00:00,191.7,0,800,1
2022-08-06 10:00:00,191.7,0,800,1
2022-08-06 11:00:00,191.5,0,800,1
2022-08-06 12:00:00,192.4,0,800,1
2022-08-06 13:00:00,192.8,0,800,1
2022-08-06 14:00:00,192.8,0,800,1
2022-08-06 15:00:00,192.9,0,800,1
2022-08-06 16:00:00,193,0,800,1
2022-08-06 17:00:00,193,0,800,1
2022-08-06 18:00:00,193,0,800,1
2022-08-06 19:00:00,193,0,800,1
2022-08-06 20:00:00,192.9,0,800,1
2022-08-06 21:00:00,193.4,0,800,1
2022-08-06 22:00:00,193.1,0,800,1
2022-08-06 23:00:00,193.1,0,800,1
2022-08-07 00:00:00,193.8,0,800,1
2022-08-07 01:00:00,193.7,0,800,1
2022-08-07 02:00:00,193.5,0,800,1
2022-08-07 03:00:00,193.9,0,800,1
2022-08-07 04:00:00,193.6,0,800,1
2022-08-07 05:00:00,193.2,0,800,1
2022-08-07 06:00:00,193.5,0,800,1
2022-08-07 07:00:00,192.7,0,800,1
2022-08-07 08:00:00,192.8,0,800,1
2022-08-07 09:00:00,193,0,800,1
2022-08-07 10:00:00,193.6,0,800,1
2022-08-07 11:00:00,193.6,0,800,1
2022-08-07 12:00:00,193.3,0,800,1
2022-08-07 13:00:00,193.2,0,800,1
2022-08-07 14:00:00,193.2,0,800,1
2022-08-07 15:00:00,193.2,0,800,1
2022-08-07 16:00:00,193.4,0,800,1
2022-08-07 17:00:00,185.4,0,800,1
2022-08-07 18:00:00,185.2,0,800,1
2022-08-07 19:00:00,185.2,0,800,1
2022-08-07 20:00:00,185.1,0,800,1
2022-08-07 21:00:00,184.8,0,800,1
2022-08-07 22:00:00,185.9,0,800,1
2022-08-07 23:00:00,186.2,0,800,1
2022-08-08 00:00:00,185.9,0,800,1
2022-08-08 01:00:00,186,0,800,1
2022-08-08 02:00:00,186,0,800,1
2022-08-08 03:00:00,185.9,0,800,1
2022-08-08 04:00:00,186,0,800,1
2022-08-08 05:00:00,185.7,0,800,1
2022-08-08 06:00:00,185.3,0,800,1
2022-08-08 07:00:00,185.1,0,800,1
2022-08-08 08:00:00,184.8,0,800,1
2022-08-08 09:00:00,184.6,0,800,1
2022-08-08 10:00:00,184.5,0,800,1
2022-08-08 11:00:00,184.3,0,800,1
2022-08-08 12:00:00,184.1,0,800,1
2022-08-08 13:00:00,184,0,800,1
2022-08-08 14:00:00,184,0,800,1
2022-08-08 15:00:00,184.1,0,800,1
2022-08-08 16:00:00,184.2,0,800,1
2022-08-08 17:00:00,184.7,0,800,1
2022-08-08 18:00:00,185,0,800,1
2022-08-08 19:00:00,185.1,0,800,1
2022-08-08 20:00:00,185.5,0,800,1
2022-08-08 21:00:00,185.6,0,800,1
2022-08-08 22:00:00,186,0,800,1
2022-08-08 23:00:00,186.2,0,800,1
2022-08-09 00:00:00,186.4,0,800,1
2022-08-09 01:00:00,186.6,0,800,1
2022-08-09 02:00:00,186.5,0,800,1
2022-08-09 03:00:00,186.8,0,800,1
2022-08-09 04:00:00,186.6,0,800,1
2022-08-09 05:00:00,186.2,0,800,1
2022-08-09 06:00:00,185.7,0,800,1
2022-08-09 07:00:00,185.2,0,800,1
2022-08-09 08:00:00,184.7,0,800,1
2022-08-09 09:00:00,184.6,0,800,1
2022-08-09 10:00:00,184.2,0,800,1
2022-08-09 11:00:00,184.1,0,800,1
2022-08-09 12:00:00,183.9,0,800,1
2022-08-09 13:00:00,183.7,0,800,1
2022-08-09 14:00:00,183.6,0,800,1
2022-08-09 15:00:00,183.8,0,800,1
2022-08-09 16:00:00,184,0,800,1
2022-08-09 17:00:00,184.5,0,800,1
2022-08-09 18:00:00,184.9,0,800,1
2022-08-09 19:00:00,185.7,0,800,1
2022-08-09 20:00:00,186.1,0,800,1
2022-08-09 21:00:00,186.6,0,800,1
2022-08-09 22:00:00,187,0,800,1
2022-08-09 23:00:00,187.3,0,800,1
2022-08-10 00:00:00,187.5,0,800,1
2022-08-10 01:00:00,187.8,0,800,1
2022-08-10 02:00:00,187.9,0,800,1
2022-08-10 03:00:00,187.8,0,800,1
2022-08-10 04:00:00,187.7,0,800,1
2022-08-10 05:00:00,187.2,0,800,1
2022-08-10 06:00:00,186.4,0,800,1
2022-08-10 07:00:00,186.1,0,800,1
2022-08-10 08:00:00,185.6,0,800,1
2022-08-10 09:00:00,185.4,0,800,1
2022-08-10 10:00:00,185,0,800,1
2022-08-10 11:00:00,184.8,0,800,1
2022-08-10 12:00:00,184.6,0,800,1
2022-08-10 13:00:00,184.4,0,800,1
2022-08-10 14:00:00,184.1,0,800,1
2022-08-10 15:00:00,184.3,0,800,1
2022-08-10 16:00:00,184.7,0,800,1
2022-08-10 17:00:00,185,0,800,1
2022-08-10 18:00:00,185.8,0,800,1
2022-08-10 19:00:00,186,0,800,1
2022-08-10 20:00:00,186.9,0,800,1
2022-08-10 21:00:00,187.2,0,800,1
2022-08-10 22:00:00,187.3,0,800,1
2022-08-10 23:00:00,187.8,0,800,1
2022-08-11 00:00:00,187.9,0,800,1
2022-08-11 01:00:00,188.1,0,800,1
2022-08-11 02:00:00,188.1,0,800,1
2022-08-11 03:00:00,188.2,0,800,1
2022-08-11 04:00:00,187.9,0,800,1
2022-08-11 05:00:00,187.4,0,800,1
2022-08-11 06:00:00,186.8,0,800,1
2022-08-11 07:00:00,186.3,0,800,1
2022-08-11 08:00:00,185.9,0,800,1
2022-08-11 09:00:00,185.6,0,800,1
2022-08-11 10:00:00,185.2,0,800,1
2022-08-11 11:00:00,185,0,800,1
2022-08-11 12:00:00,184.7,0,800,1
2022-08-11 13:00:00,184.7,0,800,1
2022-08-11 14:00:00,184.6,0,800,1
2022-08-11 15:00:00,184.6,0,800,1
2022-08-11 16:00:00,185,0,800,1
2022-08-11 17:00:00,185.4,0,800,1
2022-08-11 18:00:00,185.9,0,800,1
2022-08-11 19:00:00,186.4,0,800,1
2022-08-11 20:00:00,186.8,0,800,1
2022-08-11 21:00:00,187.3,0,800,1
2022-08-11 22:00:00,187.7,0,800,1
2022-08-11 23:00:00,188,0,800,1
2022-08-12 00:00:00,188,0,800,1
2022-08-12 01:00:00,188.2,0,800,1
2022-08-12 02:00:00,188.2,0,800,1
2022-08-12 03:00:00,188.2,0,800,1
2022-08-12 04:00:00,188.1,0,800,1
2022-08-12 05:00:00,187.5,0,800,1
2022-08-12 06:00:00,187.1,0,800,1
2022-08-12 07:00:00,186.6,0,800,1
2022-08-12 08:00:00,186.1,0,800,1
2022-08-12 09:00:00,185.9,0,800,1
2022-08-12 10:00:00,185.5,0,800,1
2022-08-12 11:00:00,185.2,0,800,1
2022-08-12 12:00:00,185,0,800,1
2022-08-12 13:00:00,184.8,0,800,1
2022-08-12 14:00:00,184.6,0,800,1
2022-08-12 15:00:00,184.6,0,800,1
2022-08-12 16:00:00,185.1,0,800,1
2022-08-12 17:00:00,185.4,0,800,1
2022-08-12 18:00:00,185.7,0,800,1
2022-08-12 19:00:00,186.5,0,800,1
2022-08-12 20:00:00,187,0,800,1
2022-08-12 21:00:00,187.4,0,800,1
2022-08-12 22:00:00,187.8,0,800,1
2022-08-12 23:00:00,188.1,0,800,1
2022-08-13 00:00:00,187.7,0,800,1
2022-08-13 01:00:00,188.3,0,800,1
2022-08-13 02:00:00,187.2,0,800,1
2022-08-13 03:00:00,188,0,800,1
2022-08-13 04:00:00,187.7,0,800,1
2022-08-13 05:00:00,187.4,0,800,1
2022-08-13 06:00:00,187.2,0,800,1
2022-08-13 07:00:00,186.9,0,800,1
2022-08-13 08:00:00,186.7,0,800,1
2022-08-13 09:00:00,186.3,0,800,1
2022-08-13 10:00:00,185.8,0,800,1
2022-08-13 11:00:00,185.4,0,800,1
2022-08-13 12:00:00,185.2,0,800,1
2022-08-13 13:00:00,185.1,0,800,1
2022-08-13 14:00:00,185,0,800,1
2022-08-13 15:00:00,184.8,0,800,1
2022-08-13 16:00:00,185,0,800,1
2022-08-13 17:00:00,185.4,0,800,1
2022-08-13 18:00:00,185.7,0,800,1
2022-08-13 19:00:00,185.9,0,800,1
2022-08-13 20:00:00,185.9,0,800,1
2022-08-13 21:00:00,186.2,0,800,1
2022-08-13 22:00:00,186.3,0,800,1
2022-08-13 23:00:00,186.3,0,800,1
2022-08-14 00:00:00,186.4,0,800,1
2022-08-14 01:00:00,186.3,0,800,1
2022-08-14 02:00:00,186.2,0,800,1
2022-08-14 03:00:00,186.1,0,800,1
2022-08-14 04:00:00,186,0,800,1
2022-08-14 05:00:00,185.9,0,800,1
2022-08-14 06:00:00,185.8,0,800,1
2022-08-14 07:00:00,186,0,800,1
2022-08-14 08:00:00,186.6,0,800,1
2022-08-14 09:00:00,186.6,0,800,1
2022-08-14 10:00:00,186.6,0,800,1
2022-08-14 11:00:00,186.6,0,800,1
2022-08-14 12:00:00,186.5,0,800,1
2022-08-14 13:00:00,186.4,0,800,1
2022-08-14 14:00:00,186.4,0,800,1
2022-08-14 15:00:00,186.2,0,800,1
2022-08-14 16:00:00,186.2,0,800,1
2022-08-14 17:00:00,186.5,0,800,1
2022-08-14 18:00:00,186.2,0,800,1
2022-08-14 19:00:00,186.4,0,800,1
2022-08-14 20:00:00,186.6,0,800,1
2022-08-14 21:00:00,186.6,0,800,1
2022-08-14 22:00:00,186.9,0,800,1
2022-08-14 23:00:00,187,0,800,1
2022-08-15 00:00:00,187.2,0,800,1
2022-08-15 01:00:00,187,0,800,1
2022-08-15 02:00:00,187,0,800,1
2022-08-15 03:00:00,186.7,0,800,1
2022-08-15 04:00:00,187,0,800,1
2022-08-15 05:00:00,186.7,0,800,1
2022-08-15 06:00:00,186.4,0,800,1
2022-08-15 07:00:00,186.2,0,800,1
2022-08-15 08:00:00,186.1,0,800,1
2022-08-15 09:00:00,186,0,800,1
2022-08-15 10:00:00,185.9,0,800,1
2022-08-15 11:00:00,185.5,0,800,1
2022-08-15 12:00:00,185.4,0,800,1
2022-08-15 13:00:00,185.5,0,800,1
2022-08-15 14:00:00,185.5,0,800,1
2022-08-15 15:00:00,185.6,0,800,1
2022-08-15 16:00:00,185.6,0,800,1
2022-08-15 17:00:00,185.6,0,800,1
2022-08-15 18:00:00,186.1,0,800,1
2022-08-15 19:00:00,186.3,0,800,1
2022-08-15 20:00:00,186.2,0,800,1
2022-08-15 21:00:00,186.5,0,800,1
2022-08-15 22:00:00,187,0,800,1
2022-08-15 23:00:00,187.1,0,800,1
2022-08-16 00:00:00,187.3,0,800,1
2022-08-16 01:00:00,187.3,0,800,1
2022-08-16 02:00:00,187.3,0,800,1
2022-08-16 03:00:00,187.3,0,800,1
2022-08-16 04:00:00,187.3,0,800,1
2022-08-16 05:00:00,187.3,0,800,1
2022-08-16 06:00:00,187.1,0,800,1
2022-08-16 07:00:00,186.9,0,800,1
2022-08-16 08:00:00,186.7,0,800,1
2022-08-16 09:00:00,186.7,0,800,1
2022-08-16 10:00:00,186.6,0,800,1
2022-08-16 11:00:00,186.6,0,800,1
2022-08-16 12:00:00,186.6,0,800,1
2022-08-16 13:00:00,186.5,0,800,1
2022-08-16 14:00:00,186.2,0,800,1
2022-08-16 15:00:00,186.2,0,800,1
2022-08-16 16:00:00,186.5,0,800,1
2022-08-16 17:00:00,186.6,0,800,1
2022-08-16 18:00:00,187,0,800,1
2022-08-16 19:00:00,187.1,0,800,1
2022-08-16 20:00:00,187.1,0,800,1
2022-08-16 21:00:00,187.4,0,800,1
2022-08-16 22:00:00,187.6,0,800,1
2022-08-16 23:00:00,187.7,0,800,1
2022-08-17 00:00:00,187.6,0,800,1
2022-08-17 01:00:00,187.6,0,800,1
2022-08-17 02:00:00,187.9,0,800,1
2022-08-17 03:00:00,187.7,0,800,1
2022-08-17 04:00:00,187.6,0,800,1
2022-08-17 05:00:00,187.6,0,800,1
2022-08-17 06:00:00,187.3,0,800,1
2022-08-17 07:00:00,186.9,0,800,1
2022-08-17 08:00:00,186.6,0,800,1
2022-08-17 09:00:00,186.4,0,800,1
2022-08-17 10:00:00,186.2,0,800,1
2022-08-17 11:00:00,186.3,0,800,1
2022-08-17 12:00:00,186.3,0,800,1
2022-08-17 13:00:00,186.4,0,800,1
2022-08-17 14:00:00,186.3,0,800,1
2022-08-17 15:00:00,186.4,0,800,1
2022-08-17 16:00:00,186.6,0,800,1
2022-08-17 17:00:00,186.8,0,800,1
2022-08-17 18:00:00,187.3,0,800,1
2022-08-17 19:00:00,187.7,0,800,1
2022-08-17 20:00:00,187.8,0,800,1
2022-08-17 21:00:00,188.4,0,800,1
2022-08-17 22:00:00,188.4,0,800,1
2022-08-17 23:00:00,189.1,0,800,1
2022-08-18 00:00:00,189.1,0,800,1
2022-08-18 01:00:00,189.1,0,800,1
2022-08-18 02:00:00,189.4,0,800,1
2022-08-18 03:00:00,189.1,0,800,1
2022-08-18 04:00:00,189,0,800,1
2022-08-18 05:00:00,188.5,0,800,1
2022-08-18 06:00:00,188.1,0,800,1
2022-08-18 07:00:00,187.8,0,800,1
2022-08-18 08:00:00,187.4,0,800,1
2022-08-18 09:00:00,187.2,0,800,1
2022-08-18 10:00:00,187,0,800,1
2022-08-18 11:00:00,186.6,0,800,1
2022-08-18 12:00:00,186.4,0,800,1
2022-08-18 13:00:00,186.4,0,800,1
2022-08-18 14:00:00,186.3,0,800,1
2022-08-18 15:00:00,186.1,0,800,1
2022-08-18 16:00:00,186.7,0,800,1
2022-08-18 17:00:00,187.1,0,800,1
2022-08-18 18:00:00,187.4,0,800,1
2022-08-18 19:00:00,187.9,0,800,1
2022-08-18 20:00:00,188.4,0,800,1
2022-08-18 21:00:00,188.9,0,800,1
2022-08-18 22:00:00,188.7,0,800,1
2022-08-18 23:00:00,189.4,0,800,1
2022-08-19 00:00:00,189.4,0,800,1
2022-08-19 01:00:00,189.7,0,800,1
2022-08-19 02:00:00,189.6,0,800,1
2022-08-19 03:00:00,189.7,0,800,1
2022-08-19 04:00:00,189.3,0,800,1
2022-08-19 05:00:00,188.7,0,800,1
2022-08-19 06:00:00,188.1,0,800,1
2022-08-19 07:00:00,187.7,0,800,1
2022-08-19 08:00:00,187.2,0,800,1
2022-08-19 09:00:00,187,0,800,1
2022-08-19 10:00:00,186.5,0,800,1
2022-08-19 11:00:00,186.3,0,800,1
2022-08-19 12:00:00,186.2,0,800,1
2022-08-19 13:00:00,185.9,0,800,1
2022-08-19 14:00:00,185.7,0,800,1
2022-08-19 15:00:00,185.9,0,800,1
2022-08-19 16:00:00,186.2,0,800,1
2022-08-19 17:00:00,186.6,0,800,1
2022-08-19 18:00:00,187.1,0,800,1
2022-08-19 19:00:00,187.8,0,800,1
2022-08-19 20:00:00,188,0,800,1
2022-08-19 21:00:00,188.7,0,800,1
2022-08-19 22:00:00,189.2,0,800,1
2022-08-19 23:00:00,188.9,0,800,1
2022-08-20 00:00:00,189.4,0,800,1
2022-08-20 01:00:00,189.6,0,800,1
2022-08-20 02:00:00,189.8,0,800,1
2022-08-20 03:00:00,189.6,0,800,1
2022-08-20 04:00:00,189.3,0,800,1
2022-08-20 05:00:00,188.7,0,800,1
2022-08-20 06:00:00,188.1,0,800,1
2022-08-20 07:00:00,187.7,0,800,1
2022-08-20 08:00:00,187.3,0,800,1
2022-08-20 09:00:00,186.9,0,800,1
2022-08-20 10:00:00,186.5,0,800,1
2022-08-20 11:00:00,186.1,0,800,1
2022-08-20 12:00:00,186,0,800,1
2022-08-20 13:00:00,185.8,0,800,1
2022-08-20 14:00:00,185.6,0,800,1
2022-08-20 15:00:00,185.5,0,800,1
2022-08-20 16:00:00,185.9,0,800,1
2022-08-20 17:00:00,186.3,0,800,1
2022-08-20 18:00:00,186.9,0,800,1
2022-08-20 19:00:00,187.4,0,800,1
2022-08-20 20:00:00,187.9,0,800,1
2022-08-20 21:00:00,188.6,0,800,1
2022-08-20 22:00:00,188.8,0,800,1
2022-08-20 23:00:00,189.2,0,800,1
2022-08-21 00:00:00,189.3,0,800,1
2022-08-21 01:00:00,189.4,0,800,1
2022-08-21 02:00:00,189.5,0,800,1
2022-08-21 03:00:00,189.4,0,800,1
2022-08-21 04:00:00,189.3,0,800,1
2022-08-21 05:00:00,188.7,0,800,1
2022-08-21 06:00:00,188.1,0,800,1
2022-08-21 07:00:00,187.5,0,800,1
2022-08-21 08:00:00,187.1,0,800,1
2022-08-21 09:00:00,186.9,0,800,1
2022-08-21 10:00:00,186.4,0,800,1
2022-08-21 11:00:00,186.4,0,800,1
2022-08-21 12:00:00,186.1,0,800,1
2022-08-21 13:00:00,185.9,0,800,1
2022-08-21 14:00:00,185.9,0,800,1
2022-08-21 15:00:00,185.9,0,800,1
2022-08-21 16:00:00,186.1,0,800,1
2022-08-21 17:00:00,186.6,0,800,1
2022-08-21 18:00:00,186.8,0,800,1
2022-08-21 19:00:00,187.5,0,800,1
2022-08-21 20:00:00,188.2,0,800,1
2022-08-21 21:00:00,188.5,0,800,1
2022-08-21 22:00:00,188.9,0,800,1
2022-08-21 23:00:00,189.1,0,800,1
2022-08-22 00:00:00,189.6,0,800,1
2022-08-22 01:00:00,189.9,0,800,1
2022-08-22 02:00:00,189.9,0,800,1
2022-08-22 03:00:00,189.7,0,800,1
2022-08-22 04:00:00,189.4,0,800,1
2022-08-22 05:00:00,189,0,800,1
2022-08-22 06:00:00,188.3,0,800,1
2022-08-22 07:00:00,187.7,0,800,1
2022-08-22 08:00:00,187.4,0,800,1
2022-08-22 09:00:00,187.1,0,800,1
2022-08-22 10:00:00,186.8,0,800,1
2022-08-22 11:00:00,186.5,0,800,1
2022-08-22 12:00:00,186.4,0,800,1
2022-08-22 13:00:00,186.1,0,800,1
2022-08-22 14:00:00,186.1,0,800,1
2022-08-22 15:00:00,186.1,0,800,1
2022-08-22 16:00:00,186.2,0,800,1
2022-08-22 17:00:00,186.5,0,800,1
2022-08-22 18:00:00,187.2,0,800,1
2022-08-22 19:00:00,187.9,0,800,1
2022-08-22 20:00:00,188.6,0,800,1
2022-08-22 21:00:00,189.1,0,800,1
2022-08-22 22:00:00,189.5,0,800,1
2022-08-22 23:00:00,189.5,0,800,1
2022-08-23 00:00:00,190,0,800,1
2022-08-23 01:00:00,190.2,0,800,1
2022-08-23 02:00:00,190,0,800,1
2022-08-23 03:00:00,190.1,0,800,1
2022-08-23 04:00:00,189.5,0,800,1
2022-08-23 05:00:00,189,0,800,1
2022-08-23 06:00:00,188.5,0,800,1
2022-08-23 07:00:00,188.1,0,800,1
2022-08-23 08:00:00,187.9,0,800,1
2022-08-23 09:00:00,187.6,0,800,1
2022-08-23 10:00:00,187.4,0,800,1
2022-08-23 11:00:00,187,0,800,1
2022-08-23 12:00:00,186.7,0,800,1
2022-08-23 13:00:00,186.5,0,800,1
2022-08-23 14:00:00,186.4,0,800,1
2022-08-23 15:00:00,186.3,0,800,1
2022-08-23 16:00:00,186.6,0,800,1
2022-08-23 17:00:00,187,0,800,1
2022-08-23 18:00:00,187.5,0,800,1
2022-08-23 19:00:00,188.1,0,800,1
2022-08-23 20:00:00,188.6,0,800,1
2022-08-23 21:00:00,189.1,0,800,1
2022-08-23 22:00:00,189.5,0,800,1
2022-08-23 23:00:00,189.7,0,800,1
2022-08-24 00:00:00,190,0,800,1
2022-08-24 01:00:00,190,0,800,1
2022-08-24 02:00:00,189.9,0,800,1
2022-08-24 03:00:00,190.1,0,800,1
2022-08-24 04:00:00,189.7,0,800,1
2022-08-24 05:00:00,189.1,0,800,1
2022-08-24 06:00:00,188.7,0,800,1
2022-08-24 07:00:00,188.2,0,800,1
2022-08-24 08:00:00,187.9,0,800,1
2022-08-24 09:00:00,187.6,0,800,1
2022-08-24 10:00:00,187.3,0,800,1
2022-08-24 11:00:00,186.9,0,800,1
2022-08-24 12:00:00,186.8,0,800,1
2022-08-24 13:00:00,186.6,0,800,1
2022-08-24 14:00:00,186.3,0,800,1
2022-08-24 15:00:00,186.2,0,800,1
2022-08-24 16:00:00,186.6,0,800,1
2022-08-24 17:00:00,187,0,800,1
2022-08-24 18:00:00,187.6,0,800,1
2022-08-24 19:00:00,188.1,0,800,1
2022-08-24 20:00:00,188.8,0,800,1
2022-08-24 21:00:00,188.9,0,800,1
2022-08-24 22:00:00,189.3,0,800,1
2022-08-24 23:00:00,189.8,0,800,1
2022-08-25 00:00:00,190.1,0,800,1
2022-08-25 01:00:00,190.1,0,800,1
2022-08-25 02:00:00,190.3,0,800,1
2022-08-25 03:00:00,190.5,0,800,1
2022-08-25 04:00:00,189.9,0,800,1
2022-08-25 05:00:00,189.3,0,800,1
2022-08-25 06:00:00,188.8,0,800,1
2022-08-25 07:00:00,188.3,0,800,1
2022-08-25 08:00:00,187.8,0,800,1
2022-08-25 09:00:00,187.6,0,800,1
2022-08-25 10:00:00,187.2,0,800,1
2022-08-25 11:00:00,187,0,800,1
2022-08-25 12:00:00,186.8,0,800,1
2022-08-25 13:00:00,186.7,0,800,1
2022-08-25 14:00:00,186.6,0,800,1
2022-08-25 15:00:00,186.5,0,800,1
2022-08-25 16:00:00,186.8,0,800,1
2022-08-25 17:00:00,187.2,0,800,1
2022-08-25 18:00:00,187.5,0,800,1
2022-08-25 19:00:00,187.8,0,800,1
2022-08-25 20:00:00,188.5,0,800,1
2022-08-25 21:00:00,189.2,0,800,1
2022-08-25 22:00:00,189.2,0,800,1
2022-08-25 23:00:00,189.7,0,800,1
2022-08-26 00:00:00,189.6,0,800,1
2022-08-26 01:00:00,189.8,0,800,1
2022-08-26 02:00:00,189.5,0,800,1
2022-08-26 03:00:00,189.5,0,800,1
2022-08-26 04:00:00,189.2,0,800,1
2022-08-26 05:00:00,188.8,0,800,1
2022-08-26 06:00:00,188.5,0,800,1
2022-08-26 07:00:00,188.1,0,800,1
2022-08-26 08:00:00,187.9,0,800,1
2022-08-26 09:00:00,187.5,0,800,1
2022-08-26 10:00:00,187.5,0,800,1
2022-08-26 11:00:00,187.4,0,800,1
2022-08-26 12:00:00,187.5,0,800,1
2022-08-26 13:00:00,187.5,0,800,1
2022-08-26 14:00:00,188,0,800,1
2022-08-26 15:00:00,188,0,800,1
2022-08-26 16:00:00,188,0,800,1
2022-08-26 17:00:00,188.9,0,800,1
2022-08-26 18:00:00,189.1,0,800,1
2022-08-26 19:00:00,189,0,800,1
2022-08-26 20:00:00,189.1,0,800,1
2022-08-26 21:00:00,189.3,0,800,1
2022-08-26 22:00:00,189.4,0,800,1
2022-08-26 23:00:00,189.7,0,800,1
2022-08-27 00:00:00,189.8,0,800,1
2022-08-27 01:00:00,189.8,0,800,1
2022-08-27 02:00:00,189.8,0,800,1
2022-08-27 03:00:00,189.8,0,800,1
2022-08-27 04:00:00,189.7,0,800,1
2022-08-27 05:00:00,189.2,0,800,1
2022-08-27 06:00:00,189,0,800,1
2022-08-27 07:00:00,188.8,0,800,1
2022-08-27 08:00:00,188.6,0,800,1
2022-08-27 09:00:00,188.6,0,800,1
2022-08-27 10:00:00,189.3,0,800,1
2022-08-27 11:00:00,190.8,0,800,1
2022-08-27 12:00:00,190.9,0,800,1
2022-08-27 13:00:00,191,0,800,1
2022-08-27 14:00:00,190.9,0,800,1
2022-08-27 15:00:00,190.9,0,800,1
2022-08-27 16:00:00,190.8,0,800,1
2022-08-27 17:00:00,190.8,0,800,1
2022-08-27 18:00:00,190.7,0,800,1
2022-08-27 19:00:00,190.8,0,800,1
2022-08-27 20:00:00,191.2,0,800,1
2022-08-27 21:00:00,191.2,0,800,1
2022-08-27 22:00:00,191.4,0,800,1
2022-08-27 23:00:00,191.5,0,800,1
2022-08-28 00:00:00,191.1,0,800,1
2022-08-28 01:00:00,191.4,0,800,1
2022-08-28 02:00:00,190.9,0,800,1
2022-08-28 03:00:00,191.4,0,800,1
2022-08-28 04:00:00,191.3,0,800,1
2022-08-28 05:00:00,191,0,800,1
2022-08-28 06:00:00,191.2,0,800,1
2022-08-28 07:00:00,191.2,0,800,1
2022-08-28 08:00:00,191,0,800,1
2022-08-28 09:00:00,190.9,0,800,1
2022-08-28 10:00:00,190.8,0,800,1
2022-08-28 11:00:00,190.9,0,800,1
2022-08-28 12:00:00,191.2,0,800,1
2022-08-28 13:00:00,191.4,0,800,1
2022-08-28 14:00:00,191.7,0,800,1
2022-08-28 15:00:00,191.9,0,800,1
2022-08-28 16:00:00,192,0,800,1
2022-08-28 17:00:00,192,0,800,1
2022-08-28 18:00:00,192,0,800,1
2022-08-28 19:00:00,192.2,0,800,1
2022-08-28 20:00:00,192.4,0,800,1
2022-08-28 21:00:00,192.5,0,800,1
2022-08-28 22:00:00,192.4,0,800,1
2022-08-28 23:00:00,192.7,0,800,1
2022-08-29 00:00:00,192.4,0,800,1
2022-08-29 01:00:00,192.8,0,800,1
2022-08-29 02:00:00,192.5,0,800,1
2022-08-29 03:00:00,192.8,0,800,1
2022-08-29 04:00:00,192.9,0,800,1
2022-08-29 05:00:00,192.8,0,800,1
2022-08-29 06:00:00,194.2,0,800,1
2022-08-29 07:00:00,195.7,0,800,1
2022-08-29 08:00:00,196.6,0,800,1
2022-08-29 09:00:00,197,0,800,1
2022-08-29 10:00:00,197.3,0,800,1
2022-08-29 11:00:00,197.3,0,800,1
2022-08-29 12:00:00,197.4,0,800,1
2022-08-29 13:00:00,197.5,0,800,1
2022-08-29 14:00:00,197.5,0,800,1
2022-08-29 15:00:00,197.1,0,800,1
2022-08-29 16:00:00,197.5,0,800,1
2022-08-29 17:00:00,197.4,0,800,1
2022-08-29 18:00:00,197.9,0,800,1
2022-08-29 19:00:00,197.1,0,800,1
2022-08-29 20:00:00,197.9,0,800,1
2022-08-29 21:00:00,197.9,0,800,1
2022-08-29 22:00:00,198,0,800,1
2022-08-29 23:00:00,198.6,0,800,1
2022-08-30 00:00:00,199,0,800,1
2022-08-30 01:00:00,199.1,0,800,1
2022-08-30 02:00:00,199.3,0,800,1
2022-08-30 03:00:00,199.5,0,800,1
2022-08-30 04:00:00,199.7,0,800,1
2022-08-30 05:00:00,201.9,0,800,1
2022-08-30 06:00:00,206.2,0,800,1
2022-08-30 07:00:00,206.8,0,800,1
2022-08-30 08:00:00,207,0,800,1
2022-08-30 09:00:00,207.2,0,800,1
2022-08-30 10:00:00,208,0,800,1
2022-08-30 11:00:00,208.6,0,800,1
2022-08-30 12:00:00,209.2,0,800,1
2022-08-30 13:00:00,209.5,0,800,1
2022-08-30 14:00:00,209.7,0,800,1
2022-08-30 15:00:00,209.5,0,800,1
2022-08-30 16:00:00,209.3,0,800,1
2022-08-30 17:00:00,209.3,0,800,1
2022-08-30 18:00:00,209.8,0,800,1
2022-08-30 19:00:00,210.4,0,800,1
2022-08-30 20:00:00,210.3,0,800,1
2022-08-30 21:00:00,210.4,0,800,1
2022-08-30 22:00:00,210.5,0,800,1
2022-08-30 23:00:00,210.9,0,800,1
2022-08-31 00:00:00,211.1,0,800,1
2022-08-31 01:00:00,210.7,0,800,1
2022-08-31 02:00:00,211,0,800,1
2022-08-31 03:00:00,211,0,800,1
2022-08-31 04:00:00,210.9,0,800,1
2022-08-31 05:00:00,210.8,0,800,1
2022-08-31 06:00:00,210.6,0,800,1
2022-08-31 07:00:00,210.6,0,800,1
2022-08-31 08:00:00,210.6,0,800,1
2022-08-31 09:00:00,210.4,0,800,1
2022-08-31 10:00:00,210.3,0,800,1
2022-08-31 11:00:00,210.2,0,800,1
2022-08-31 12:00:00,210.2,0,800,1
2022-08-31 13:00:00,210,0,800,1
2022-08-31 14:00:00,210.2,0,800,1
2022-08-31 15:00:00,210.1,0,800,1
2022-08-31 16:00:00,210.1,0,800,1
2022-08-31 17:00:00,210,0,800,1
2022-08-31 18:00:00,210.1,0,800,1
2022-08-31 19:00:00,210,0,800,1
2022-08-31 20:00:00,210.4,0,800,1
2022-08-31 21:00:00,210.1,0,800,1
2022-08-31 22:00:00,210.7,0,800,1
2022-08-31 23:00:00,210.5,0,800,1
2022-09-01 00:00:00,210.6,0,800,1
2022-09-01 01:00:00,214,0,800,1
2022-09-01 02:00:00,213.8,0,800,1
2022-09-01 03:00:00,213.8,0,800,1
2022-09-01 04:00:00,213.8,0,800,1
2022-09-01 05:00:00,213.6,0,800,1
2022-09-01 06:00:00,213.6,0,800,1
2022-09-01 07:00:00,213.3,0,800,1
2022-09-01 08:00:00,213.1,0,800,1
2022-09-01 09:00:00,213.1,0,800,1
2022-09-01 10:00:00,212.8,0,800,1
2022-09-01 11:00:00,212.7,0,800,1
2022-09-01 12:00:00,212.5,0,800,1
2022-09-01 13:00:00,212.2,0,800,1
2022-09-01 14:00:00,212.2,0,800,1
2022-09-01 15:00:00,212,0,800,1
2022-09-01 16:00:00,212.3,0,800,1
2022-09-01 17:00:00,212.4,0,800,1
2022-09-01 18:00:00,212.6,0,800,1
2022-09-01 19:00:00,213.3,0,800,1
2022-09-01 20:00:00,213.6,0,800,1
2022-09-01 21:00:00,213.7,0,800,1
2022-09-01 22:00:00,214,0,800,1
2022-09-01 23:00:00,214.3,0,800,1
2022-09-02 00:00:00,214.3,0,800,1
2022-09-02 01:00:00,214.3,0,800,1
2022-09-02 02:00:00,214.6,0,800,1
2022-09-02 03:00:00,214.7,0,800,1
2022-09-02 04:00:00,214.3,0,800,1
2022-09-02 05:00:00,214,0,800,1
2022-09-02 06:00:00,213.8,0,800,1
2022-09-02 07:00:00,213.6,0,800,1
2022-09-02 08:00:00,213.2,0,800,1
2022-09-02 09:00:00,213,0,800,1
2022-09-02 10:00:00,212.9,0,800,1
2022-09-02 11:00:00,213,0,800,1
2022-09-02 12:00:00,213,0,800,1
2022-09-02 13:00:00,212.7,0,800,1
2022-09-02 14:00:00,212.7,0,800,1
2022-09-02 15:00:00,212.8,0,800,1
2022-09-02 16:00:00,212.8,0,800,1
2022-09-02 17:00:00,213.1,0,800,1
2022-09-02 18:00:00,213.4,0,800,1
2022-09-02 19:00:00,213.5,0,800,1
2022-09-02 20:00:00,213.8,0,800,1
2022-09-02 21:00:00,213.9,0,800,1
2022-09-02 22:00:00,214.2,0,800,1
2022-09-02 23:00:00,214.4,0,800,1
2022-09-03 00:00:00,214.1,0,800,1
2022-09-03 01:00:00,214.7,0,800,1
2022-09-03 02:00:00,214.9,0,800,1
2022-09-03 03:00:00,215.2,0,800,1
2022-09-03 04:00:00,214.9,0,800,1
2022-09-03 05:00:00,214.6,0,800,1
2022-09-03 06:00:00,214.5,0,800,1
2022-09-03 07:00:00,214.1,0,800,1
2022-09-03 08:00:00,213.7,0,800,1
2022-09-03 09:00:00,213.7,0,800,1
2022-09-03 10:00:00,213.4,0,800,1
2022-09-03 11:00:00,213.3,0,800,1
2022-09-03 12:00:00,213.1,0,800,1
2022-09-03 13:00:00,213,0,800,1
2022-09-03 14:00:00,212.9,0,800,1
2022-09-03 15:00:00,212.9,0,800,1
2022-09-03 16:00:00,213,0,800,1
2022-09-03 17:00:00,213.3,0,800,1
2022-09-03 18:00:00,213.5,0,800,1
2022-09-03 19:00:00,213.2,0,800,1
2022-09-03 20:00:00,213.5,0,800,1
2022-09-03 21:00:00,214,0,800,1
2022-09-03 22:00:00,214.1,0,800,1
2022-09-03 23:00:00,213.4,0,800,1
2022-09-04 00:00:00,214.1,0,800,1
2022-09-04 01:00:00,214.6,0,800,1
2022-09-04 02:00:00,215.2,0,800,1
2022-09-04 03:00:00,216,0,800,1
2022-09-04 04:00:00,216.2,0,800,1
2022-09-04 05:00:00,217.1,0,800,1
2022-09-04 06:00:00,218.6,0,800,1
2022-09-04 07:00:00,219.2,0,800,1
2022-09-04 08:00:00,219.7,0,800,1
2022-09-04 09:00:00,220.3,0,800,1
2022-09-04 10:00:00,221.1,0,800,1
2022-09-04 11:00:00,223,0,800,1
2022-09-04 12:00:00,224.4,0,800,1
2022-09-04 13:00:00,224.7,0,800,1
2022-09-04 14:00:00,224.6,0,800,1
2022-09-04 15:00:00,224.5,0,800,1
2022-09-04 16:00:00,224.5,0,800,1
2022-09-04 17:00:00,224.6,0,800,1
2022-09-04 18:00:00,224.6,0,800,1
2022-09-04 19:00:00,224.6,0,800,1
2022-09-04 20:00:00,224.6,0,800,1
2022-09-04 21:00:00,224.7,0,800,1
2022-09-04 22:00:00,224.8,0,800,1
2022-09-04 23:00:00,224.9,0,800,1
2022-09-05 00:00:00,225.2,0,800,1
2022-09-05 01:00:00,225,0,800,1
2022-09-05 02:00:00,225.2,0,800,1
2022-09-05 03:00:00,224.9,0,800,1
2022-09-05 04:00:00,224.7,0,800,1
2022-09-05 05:00:00,224.5,0,800,1
2022-09-05 06:00:00,224.3,0,800,1
2022-09-05 07:00:00,224.8,0,800,1
2022-09-05 08:00:00,224.6,0,800,1
2022-09-05 09:00:00,224.8,0,800,1
2022-09-05 10:00:00,224.4,0,800,1
2022-09-05 11:00:00,224.6,0,800,1
2022-09-05 12:00:00,224.4,0,800,1
2022-09-05 13:00:00,226.5,0,800,1
2022-09-05 14:00:00,226.7,0,800,1
2022-09-05 15:00:00,226.6,0,800,1
2022-09-05 16:00:00,225.9,0,800,1
2022-09-05 17:00:00,226.3,0,800,1
2022-09-05 18:00:00,226.4,0,800,1
2022-09-05 19:00:00,226.7,0,800,1
2022-09-05 20:00:00,226.5,0,800,1
2022-09-05 21:00:00,226.6,0,800,1
2022-09-05 22:00:00,226.9,0,800,1
2022-09-05 23:00:00,226.3,0,800,1
2022-09-06 00:00:00,226.8,0,800,1
2022-09-06 01:00:00,227,0,800,1
2022-09-06 02:00:00,226.8,0,800,1
2022-09-06 03:00:00,226.9,0,800,1
2022-09-06 04:00:00,226.9,0,800,1
2022-09-06 05:00:00,226.9,0,800,1
2022-09-06 06:00:00,226.9,0,800,1
2022-09-06 07:00:00,226.8,0,800,1
2022-09-06 08:00:00,226.6,0,800,1
2022-09-06 09:00:00,226.6,0,800,1
2022-09-06 10:00:00,226.5,0,800,1
2022-09-06 11:00:00,226.3,0,800,1
2022-09-06 12:00:00,226.1,0,800,1
2022-09-06 13:00:00,226.1,0,800,1
2022-09-06 14:00:00,225.8,0,800,1
2022-09-06 15:00:00,225.8,0,800,1
2022-09-06 16:00:00,225.7,0,800,1
2022-09-06 17:00:00,225.8,0,800,1
2022-09-06 18:00:00,225.7,0,800,1
2022-09-06 19:00:00,226.2,0,800,1
2022-09-06 20:00:00,226.5,0,800,1
2022-09-06 21:00:00,226.5,0,800,1
2022-09-06 22:00:00,226.9,0,800,1
2022-09-06 23:00:00,226.9,0,800,1
2022-09-07 00:00:00,227,0,800,1
2022-09-07 01:00:00,227,0,800,1
2022-09-07 02:00:00,227.1,0,800,1
2022-09-07 03:00:00,227.1,0,800,1
2022-09-07 04:00:00,227.1,0,800,1
2022-09-07 05:00:00,227,0,800,1
2022-09-07 06:00:00,227,0,800,1
2022-09-07 07:00:00,227.5,0,800,1
2022-09-07 08:00:00,227.6,0,800,1
2022-09-07 09:00:00,227.6,0,800,1
2022-09-07 10:00:00,227.6,0,800,1
2022-09-07 11:00:00,227.5,0,800,1
2022-09-07 12:00:00,227.6,0,800,1
2022-09-07 13:00:00,227.5,0,800,1
2022-09-07 14:00:00,227.4,0,800,1
2022-09-07 15:00:00,227.7,0,800,1
2022-09-07 16:00:00,227.6,0,800,1
2022-09-07 17:00:00,228.1,0,800,1
2022-09-07 18:00:00,228.2,0,800,1
2022-09-07 19:00:00,228.2,0,800,1
2022-09-07 20:00:00,228.1,0,800,1
2022-09-07 21:00:00,228.7,0,800,1
2022-09-07 22:00:00,228,0,800,1
2022-09-07 23:00:00,228.6,0,800,1
2022-09-08 00:00:00,229,0,800,1
2022-09-08 01:00:00,229.2,0,800,1
2022-09-08 02:00:00,229.6,0,800,1
2022-09-08 03:00:00,229.3,0,800,1
2022-09-08 04:00:00,229.6,0,800,1
2022-09-08 05:00:00,229.5,0,800,1
2022-09-08 06:00:00,229.4,0,800,1
2022-09-08 07:00:00,229.5,0,800,1
2022-09-08 08:00:00,230,0,800,1
2022-09-08 09:00:00,230.1,0,800,1
2022-09-08 10:00:00,230,0,800,1
2022-09-08 11:00:00,230,0,800,1
2022-09-08 12:00:00,230,0,800,1
2022-09-08 13:00:00,230,0,800,1
2022-09-08 14:00:00,229.9,0,800,1
2022-09-08 15:00:00,229.8,0,800,1
2022-09-08 16:00:00,230.2,0,800,1
2022-09-08 17:00:00,230.1,0,800,1
2022-09-08 18:00:00,230.1,0,800,1
2022-09-08 19:00:00,229.9,0,800,1
2022-09-08 20:00:00,230.1,0,800,1
2022-09-08 21:00:00,230.7,0,800,1
2022-09-08 22:00:00,230.7,0,800,1
2022-09-08 23:00:00,230.5,0,800,1
2022-09-09 00:00:00,230.8,0,800,1
2022-09-09 01:00:00,231,0,800,1
2022-09-09 02:00:00,231,0,800,1
2022-09-09 03:00:00,230.9,0,800,1
2022-09-09 04:00:00,230.8,0,800,1
2022-09-09 05:00:00,230.7,0,800,1
2022-09-09 06:00:00,230.5,0,800,1
2022-09-09 07:00:00,230.3,0,800,1
2022-09-09 08:00:00,230.1,0,800,1
2022-09-09 09:00:00,229.9,0,800,1
2022-09-09 10:00:00,229.9,0,800,1
2022-09-09 11:00:00,229.8,0,800,1
2022-09-09 12:00:00,229.6,0,800,1
2022-09-09 13:00:00,229.5,0,800,1
2022-09-09 14:00:00,229.4,0,800,1
2022-09-09 15:00:00,229.4,0,800,1
2022-09-09 16:00:00,229.4,0,800,1
2022-09-09 17:00:00,229.7,0,800,1
2022-09-09 18:00:00,230,0,800,1
2022-09-09 19:00:00,229.9,0,800,1
2022-09-09 20:00:00,230.8,0,800,1
2022-09-09 21:00:00,230.6,0,800,1
2022-09-09 22:00:00,231.1,0,800,1
2022-09-09 23:00:00,231.4,0,800,1
2022-09-10 00:00:00,231.7,0,800,1
2022-09-10 01:00:00,232.2,0,800,1
2022-09-10 02:00:00,232.3,0,800,1
2022-09-10 03:00:00,232.3,0,800,1
2022-09-10 04:00:00,231.8,0,800,1
2022-09-10 05:00:00,231.5,0,800,1
2022-09-10 06:00:00,231.2,0,800,1
2022-09-10 07:00:00,231,0,800,1
2022-09-10 08:00:00,230.7,0,800,1
2022-09-10 09:00:00,230.3,0,800,1
2022-09-10 10:00:00,230.2,0,800,1
2022-09-10 11:00:00,230.2,0,800,1
2022-09-10 12:00:00,230,0,800,1
2022-09-10 13:00:00,229.9,0,800,1
2022-09-10 14:00:00,229.8,0,800,1
2022-09-10 15:00:00,229.6,0,800,1
2022-09-10 16:00:00,229.6,0,800,1
2022-09-10 17:00:00,229.9,0,800,1
2022-09-10 18:00:00,230.1,0,800,1
2022-09-10 19:00:00,230.4,0,800,1
2022-09-10 20:00:00,230.6,0,800,1
2022-09-10 21:00:00,231.3,0,800,1
2022-09-10 22:00:00,231.2,0,800,1
2022-09-10 23:00:00,231.7,0,800,1
2022-09-11 00:00:00,232,0,800,1
2022-09-11 01:00:00,232.2,0,800,1
2022-09-11 02:00:00,232.3,0,800,1
2022-09-11 03:00:00,231.8,0,800,1
2022-09-11 04:00:00,231.5,0,800,1
2022-09-11 05:00:00,231,0,800,1
2022-09-11 06:00:00,230.7,0,800,1
2022-09-11 07:00:00,230.4,0,800,1
2022-09-11 08:00:00,230,0,800,1
2022-09-11 09:00:00,230,0,800,1
2022-09-11 10:00:00,229.7,0,800,1
2022-09-11 11:00:00,229.6,0,800,1
2022-09-11 12:00:00,229.6,0,800,1
2022-09-11 12:00:01,NaN,-3,800,1
2022-09-11 13:59:59,NaN,-3,800,1
2022-09-11 14:00:00,229.5,0,800,1
2022-09-11 15:00:00,229.3,0,800,1
2022-09-11 16:00:00,229.3,0,800,1
2022-09-11 17:00:00,229.5,0,800,1
2022-09-11 18:00:00,229.7,0,800,1
2022-09-11 19:00:00,230.3,0,800,1
2022-09-11 20:00:00,230.8,0,800,1
2022-09-11 21:00:00,231.1,0,800,1
2022-09-11 22:00:00,231.4,0,800,1
2022-09-11 23:00:00,231.7,0,800,1
2022-09-12 00:00:00,231.9,0,800,1
2022-09-12 01:00:00,232.1,0,800,1
2022-09-12 02:00:00,232.1,0,800,1
2022-09-12 03:00:00,231.8,0,800,1
2022-09-12 04:00:00,231.5,0,800,1
2022-09-12 05:00:00,231.1,0,800,1
2022-09-12 06:00:00,230.7,0,800,1
2022-09-12 07:00:00,230.3,0,800,1
2022-09-12 08:00:00,230.1,0,800,1
2022-09-12 09:00:00,230,0,800,1
2022-09-12 10:00:00,229.8,0,800,1
2022-09-12 11:00:00,229.7,0,800,1
2022-09-12 12:00:00,229.5,0,800,1
2022-09-12 13:00:00,229.4,0,800,1
2022-09-12 14:00:00,229.5,0,800,1
2022-09-12 15:00:00,229.5,0,800,1
2022-09-12 16:00:00,229.5,0,800,1
2022-09-12 17:00:00,229.7,0,800,1
2022-09-12 18:00:00,230,0,800,1
2022-09-12 19:00:00,230.2,0,800,1
2022-09-12 20:00:00,230.6,0,800,1
2022-09-12 21:00:00,231,0,800,1
2022-09-12 22:00:00,231.1,0,800,1
2022-09-12 23:00:00,231.6,0,800,1
2022-09-13 00:00:00,231.9,0,800,1
2022-09-13 01:00:00,232.1,0,800,1
2022-09-13 02:00:00,232.2,0,800,1
2022-09-13 03:00:00,231.8,0,800,1
2022-09-13 04:00:00,231.4,0,800,1
2022-09-13 05:00:00,231.1,0,800,1
2022-09-13 06:00:00,230.9,0,800,1
2022-09-13 07:00:00,230.7,0,800,1
2022-09-13 08:00:00,230.5,0,800,1
2022-09-13 09:00:00,230.3,0,800,1
2022-09-13 10:00:00,230.1,0,800,1
2022-09-13 11:00:00,229.9,0,800,1
2022-09-13 12:00:00,229.7,0,800,1
2022-09-13 13:00:00,229.4,0,800,1
2022-09-13 14:00:00,229.3,0,800,1
2022-09-13 15:00:00,229.3,0,800,1
2022-09-13 16:00:00,229.3,0,800,1
2022-09-13 17:00:00,229.6,0,800,1
2022-09-13 18:00:00,230,0,800,1
2022-09-13 19:00:00,230.1,0,800,1
2022-09-13 20:00:00,230.7,0,800,1
2022-09-13 21:00:00,231,0,800,1
2022-09-13 22:00:00,231.2,0,800,1
2022-09-13 22:00:01,NaN,-3,800,1
2022-09-14 14:59:59,NaN,-3,800,1
2022-09-14 15:00:00,229.5,0,800,1
2022-09-14 16:00:00,229.6,0,800,1
2022-09-14 17:00:00,229.6,0,800,1
2022-09-14 18:00:00,230.3,0,800,1
2022-09-14 19:00:00,230.6,0,800,1
2022-09-14 20:00:00,231,0,800,1
2022-09-14 21:00:00,231.5,0,800,1
2022-09-14 22:00:00,231.5,0,800,1
2022-09-14 23:00:00,232.3,0,800,1
2022-09-15 00:00:00,232.4,0,800,1
2022-09-15 01:00:00,232.5,0,800,1
2022-09-15 02:00:00,232.6,0,800,1
2022-09-15 03:00:00,232.2,0,800,1
2022-09-15 04:00:00,231.8,0,800,1
2022-09-15 05:00:00,231.4,0,800,1
2022-09-15 06:00:00,231.1,0,800,1
2022-09-15 07:00:00,230.8,0,800,1
2022-09-15 08:00:00,230.4,0,800,1
2022-09-15 09:00:00,230.4,0,800,1
2022-09-15 10:00:00,230.2,0,800,1
2022-09-15 11:00:00,230.1,0,800,1
2022-09-15 12:00:00,229.9,0,800,1
2022-09-15 13:00:00,229.9,0,800,1
2022-09-15 14:00:00,229.8,0,800,1
2022-09-15 15:00:00,229.9,0,800,1
2022-09-15 16:00:00,230.1,0,800,1
2022-09-15 17:00:00,230.3,0,800,1
2022-09-15 18:00:00,230.2,0,800,1
2022-09-15 19:00:00,230.6,0,800,1
2022-09-15 20:00:00,230.7,0,800,1
2022-09-15 21:00:00,231,0,800,1
2022-09-15 22:00:00,231.1,0,800,1
2022-09-15 23:00:00,231.5,0,800,1
2022-09-16 00:00:00,231.6,0,800,1
2022-09-16 01:00:00,231.4,0,800,1
2022-09-16 02:00:00,231.7,0,800,1
2022-09-16 03:00:00,231.6,0,800,1
2022-09-16 04:00:00,231.3,0,800,1
2022-09-16 05:00:00,231,0,800,1
2022-09-16 06:00:00,230.6,0,800,1
2022-09-16 07:00:00,230.5,0,800,1
2022-09-16 08:00:00,230.3,0,800,1
2022-09-16 09:00:00,230.2,0,800,1
2022-09-16 10:00:00,230.2,0,800,1
2022-09-16 11:00:00,230.1,0,800,1
2022-09-16 12:00:00,230.2,0,800,1
2022-09-16 13:00:00,230,0,800,1
2022-09-16 14:00:00,230,0,800,1
2022-09-16 15:00:00,229.9,0,800,1
2022-09-16 16:00:00,230.1,0,800,1
2022-09-16 17:00:00,230,0,800,1
2022-09-16 18:00:00,230.2,0,800,1
2022-09-16 19:00:00,230.4,0,800,1
2022-09-16 20:00:00,231.7,0,800,1
2022-09-16 21:00:00,237.1,0,800,1
2022-09-16 22:00:00,238.8,0,800,1
2022-09-16 23:00:00,239.2,0,800,1
2022-09-17 00:00:00,239.2,0,800,1
2022-09-17 01:00:00,239.3,0,800,1
2022-09-17 02:00:00,239.4,0,800,1
2022-09-17 03:00:00,239.3,0,800,1
2022-09-17 04:00:00,239.5,0,800,1
2022-09-17 05:00:00,239.7,0,800,1
2022-09-17 06:00:00,239.8,0,800,1
2022-09-17 07:00:00,240.1,0,800,1
2022-09-17 08:00:00,240.2,0,800,1
2022-09-17 09:00:00,241,0,800,1
2022-09-17 10:00:00,241.6,0,800,1
2022-09-17 11:00:00,241.8,0,800,1
2022-09-17 12:00:00,242,0,800,1
2022-09-17 13:00:00,242,0,800,1
2022-09-17 14:00:00,241.9,0,800,1
2022-09-17 15:00:00,241.9,0,800,1
2022-09-17 16:00:00,241.9,0,800,1
2022-09-17 17:00:00,242.1,0,800,1
2022-09-17 18:00:00,242.2,0,800,1
2022-09-17 19:00:00,242.3,0,800,1
2022-09-17 20:00:00,242.2,0,800,1
2022-09-17 21:00:00,242.6,0,800,1
2022-09-17 22:00:00,242.6,0,800,1
2022-09-17 23:00:00,242.8,0,800,1
2022-09-18 00:00:00,243,0,800,1
2022-09-18 01:00:00,243.1,0,800,1
2022-09-18 02:00:00,243.1,0,800,1
2022-09-18 03:00:00,243,0,800,1
2022-09-18 04:00:00,242.6,0,800,1
2022-09-18 05:00:00,242.4,0,800,1
2022-09-18 06:00:00,242.3,0,800,1
2022-09-18 07:00:00,241.9,0,800,1
2022-09-18 08:00:00,241.9,0,800,1
2022-09-18 09:00:00,241.9,0,800,1
2022-09-18 10:00:00,241.8,0,800,1
2022-09-18 11:00:00,241.6,0,800,1
2022-09-18 12:00:00,241.8,0,800,1
2022-09-18 13:00:00,241.7,0,800,1
2022-09-18 14:00:00,241.7,0,800,1
2022-09-18 15:00:00,241.7,0,800,1
2022-09-18 16:00:00,241.8,0,800,1
2022-09-18 17:00:00,242,0,800,1
2022-09-18 18:00:00,242,0,800,1
2022-09-18 19:00:00,241.7,0,800,1
2022-09-18 20:00:00,241.9,0,800,1
2022-09-18 21:00:00,242.5,0,800,1
2022-09-18 22:00:00,242.4,0,800,1
2022-09-18 23:00:00,242.1,0,800,1
2022-09-19 00:00:00,242.7,0,800,1
2022-09-19 01:00:00,242.7,0,800,1
2022-09-19 02:00:00,242.2,0,800,1
2022-09-19 03:00:00,242.9,0,800,1
2022-09-19 04:00:00,242.6,0,800,1
2022-09-19 05:00:00,242.7,0,800,1
2022-09-19 06:00:00,242.4,0,800,1
2022-09-19 07:00:00,242.2,0,800,1
2022-09-19 08:00:00,242,0,800,1
2022-09-19 09:00:00,241.9,0,800,1
2022-09-19 10:00:00,241.6,0,800,1
2022-09-19 11:00:00,241.6,0,800,1
2022-09-19 12:00:00,241.3,0,800,1
2022-09-19 13:00:00,241.3,0,800,1
2022-09-19 14:00:00,241.1,0,800,1
2022-09-19 15:00:00,241,0,800,1
2022-09-19 16:00:00,240.8,0,800,1
2022-09-19 17:00:00,241.2,0,800,1
2022-09-19 18:00:00,241.4,0,800,1
2022-09-19 19:00:00,241.7,0,800,1
2022-09-19 20:00:00,241.9,0,800,1
2022-09-19 21:00:00,242.5,0,800,1
2022-09-19 22:00:00,242.9,0,800,1
2022-09-19 23:00:00,243,0,800,1
2022-09-20 00:00:00,243.2,0,800,1
2022-09-20 01:00:00,243.3,0,800,1
2022-09-20 02:00:00,243.4,0,800,1
2022-09-20 03:00:00,243.1,0,800,1
2022-09-20 04:00:00,242.7,0,800,1
2022-09-20 05:00:00,242.4,0,800,1
2022-09-20 06:00:00,242,0,800,1
2022-09-20 07:00:00,241.9,0,800,1
2022-09-20 08:00:00,241.6,0,800,1
2022-09-20 09:00:00,241.5,0,800,1
2022-09-20 10:00:00,241.5,0,800,1
2022-09-20 11:00:00,241.5,0,800,1
2022-09-20 12:00:00,241.2,0,800,1
2022-09-20 13:00:00,241.2,0,800,1
2022-09-20 14:00:00,241.2,0,800,1
2022-09-20 15:00:00,241.1,0,800,1
2022-09-20 16:00:00,241.1,0,800,1
2022-09-20 17:00:00,241.4,0,800,1
2022-09-20 18:00:00,241.7,0,800,1
2022-09-20 19:00:00,242.1,0,800,1
2022-09-20 20:00:00,242.6,0,800,1
2022-09-20 21:00:00,242.9,0,800,1
2022-09-20 22:00:00,243,0,800,1
2022-09-20 23:00:00,243.6,0,800,1
2022-09-21 00:00:00,243.7,0,800,1
2022-09-21 01:00:00,244,0,800,1
2022-09-21 02:00:00,244.2,0,800,1
2022-09-21 03:00:00,243.7,0,800,1
2022-09-21 04:00:00,243.3,0,800,1
2022-09-21 05:00:00,243.2,0,800,1
2022-09-21 06:00:00,242.7,0,800,1
2022-09-21 07:00:00,242.5,0,800,1
2022-09-21 08:00:00,242.3,0,800,1
2022-09-21 09:00:00,242.4,0,800,1
2022-09-21 10:00:00,242,0,800,1
2022-09-21 11:00:00,242,0,800,1
2022-09-21 12:00:00,241.8,0,800,1
2022-09-21 13:00:00,241.8,0,800,1
2022-09-21 14:00:00,241.7,0,800,1
2022-09-21 15:00:00,241.6,0,800,1
2022-09-21 16:00:00,241.5,0,800,1
2022-09-21 17:00:00,241.9,0,800,1
2022-09-21 18:00:00,242.3,0,800,1
2022-09-21 19:00:00,242.7,0,800,1
2022-09-21 20:00:00,243.1,0,800,1
2022-09-21 21:00:00,243.8,0,800,1
2022-09-21 22:00:00,244,0,800,1
2022-09-21 23:00:00,244.3,0,800,1
2022-09-22 00:00:00,244.7,0,800,1
2022-09-22 01:00:00,244.9,0,800,1
2022-09-22 02:00:00,245.1,0,800,1
2022-09-22 03:00:00,244.7,0,800,1
2022-09-22 04:00:00,244.1,0,800,1
2022-09-22 05:00:00,243.9,0,800,1
2022-09-22 06:00:00,243.4,0,800,1
2022-09-22 07:00:00,243.2,0,800,1
2022-09-22 08:00:00,243,0,800,1
2022-09-22 09:00:00,242.8,0,800,1
2022-09-22 10:00:00,242.5,0,800,1
2022-09-22 11:00:00,242.4,0,800,1
2022-09-22 12:00:00,242.3,0,800,1
2022-09-22 13:00:00,242.2,0,800,1
2022-09-22 14:00:00,242.2,0,800,1
2022-09-22 15:00:00,242.3,0,800,1
2022-09-22 16:00:00,242.4,0,800,1
2022-09-22 17:00:00,242.1,0,800,1
2022-09-22 18:00:00,242.8,0,800,1
2022-09-22 19:00:00,242.5,0,800,1
2022-09-22 20:00:00,242.7,0,800,1
2022-09-22 21:00:00,242.6,0,800,1
2022-09-22 22:00:00,243.3,0,800,1
2022-09-22 23:00:00,243.7,0,800,1
2022-09-23 00:00:00,243.4,0,800,1
2022-09-23 01:00:00,243.6,0,800,1
2022-09-23 02:00:00,243.6,0,800,1
2022-09-23 03:00:00,243.5,0,800,1
2022-09-23 04:00:00,243.3,0,800,1
2022-09-23 05:00:00,243.7,0,800,1
2022-09-23 06:00:00,243.6,0,800,1
2022-09-23 07:00:00,242.6,0,800,1
2022-09-23 08:00:00,242.9,0,800,1
2022-09-23 09:00:00,243,0,800,1
2022-09-23 10:00:00,243,0,800,1
2022-09-23 11:00:00,243,0,800,1
2022-09-23 12:00:00,243.1,0,800,1
2022-09-23 13:00:00,243,0,800,1
2022-09-23 14:00:00,242.9,0,800,1
2022-09-23 15:00:00,243,0,800,1
2022-09-23 16:00:00,242.7,0,800,1
2022-09-23 17:00:00,242.9,0,800,1
2022-09-23 18:00:00,242.6,0,800,1
2022-09-23 19:00:00,240.3,0,800,1
2022-09-23 20:00:00,336.9,0,800,1
2022-09-23 21:00:00,336.6,0,800,1
2022-09-23 22:00:00,337,0,800,1
2022-09-23 23:00:00,337,0,800,1
2022-09-24 00:00:00,336.7,0,800,1
2022-09-24 01:00:00,337.1,0,800,1
2022-09-24 02:00:00,337.6,0,800,1
2022-09-24 03:00:00,337.8,0,800,1
2022-09-24 04:00:00,337.9,0,800,1
2022-09-24 05:00:00,337.5,0,800,1
2022-09-24 06:00:00,338.1,0,800,1
2022-09-24 07:00:00,338.4,0,800,1
2022-09-24 08:00:00,337.7,0,800,1
2022-09-24 09:00:00,338.5,0,800,1
2022-09-24 10:00:00,338.6,0,800,1
2022-09-24 11:00:00,338.6,0,800,1
2022-09-24 12:00:00,338.4,0,800,1
2022-09-24 13:00:00,338.8,0,800,1
2022-09-24 14:00:00,338.7,0,800,1
2022-09-24 15:00:00,338.7,0,800,1
2022-09-24 16:00:00,338.7,0,800,1
2022-09-24 17:00:00,337.4,0,800,1
2022-09-24 18:00:00,338.9,0,800,1
2022-09-24 19:00:00,339.1,0,800,1
2022-09-24 20:00:00,339.6,0,800,1
2022-09-24 21:00:00,339.3,0,800,1
2022-09-24 22:00:00,339.6,0,800,1
2022-09-24 23:00:00,339.4,0,800,1
2022-09-25 00:00:00,340.3,0,800,1
2022-09-25 01:00:00,340.3,0,800,1
2022-09-25 02:00:00,340.2,0,800,1
2022-09-25 03:00:00,340.2,0,800,1
2022-09-25 04:00:00,340.3,0,800,1
2022-09-25 05:00:00,340.4,0,800,1
2022-09-25 06:00:00,340.5,0,800,1
2022-09-25 07:00:00,340.3,0,800,1
2022-09-25 08:00:00,340.6,0,800,1
2022-09-25 09:00:00,340.7,0,800,1
2022-09-25 10:00:00,341.2,0,800,1
2022-09-25 11:00:00,342.3,0,800,1
2022-09-25 12:00:00,342.5,0,800,1
2022-09-25 13:00:00,342.5,0,800,1
2022-09-25 14:00:00,342.8,0,800,1
2022-09-25 15:00:00,342.7,0,800,1
2022-09-25 16:00:00,342.8,0,800,1
2022-09-25 17:00:00,343.3,0,800,1
2022-09-25 18:00:00,344,0,800,1
2022-09-25 19:00:00,344.6,0,800,1
2022-09-25 19:00:01,NaN,-3,800,1
2022-09-26 02:59:59,NaN,-3,800,1
2022-09-26 03:00:00,345.7,0,800,1
2022-09-26 04:00:00,345.7,0,800,1
2022-09-26 05:00:00,345.8,0,800,1
2022-09-26 06:00:00,345.8,0,800,1
2022-09-26 07:00:00,345.9,0,800,1
2022-09-26 08:00:00,345.9,0,800,1
2022-09-26 09:00:00,346.2,0,800,1
2022-09-26 10:00:00,346.1,0,800,1
2022-09-26 11:00:00,346.3,0,800,1
2022-09-26 12:00:00,346.2,0,800,1
2022-09-26 13:00:00,346.3,0,800,1
2022-09-26 14:00:00,346.4,0,800,1
2022-09-26 15:00:00,346.5,0,800,1
2022-09-26 16:00:00,346.5,0,800,1
2022-09-26 17:00:00,346.6,0,800,1
2022-09-26 18:00:00,346.8,0,800,1
2022-09-26 19:00:00,346.9,0,800,1
2022-09-26 20:00:00,347.1,0,800,1
2022-09-26 21:00:00,347.1,0,800,1
2022-09-26 22:00:00,347.4,0,800,1
2022-09-26 23:00:00,347.6,0,800,1
2022-09-27 00:00:00,347.6,0,800,1
2022-09-27 01:00:00,347.8,0,800,1
2022-09-27 02:00:00,348.2,0,800,1
2022-09-27 03:00:00,348.3,0,800,1
2022-09-27 04:00:00,348.3,0,800,1
2022-09-27 05:00:00,349.2,0,800,1
2022-09-27 06:00:00,349.7,0,800,1
2022-09-27 07:00:00,349.7,0,800,1
2022-09-27 08:00:00,349.8,0,800,1
2022-09-27 09:00:00,349.9,0,800,1
2022-09-27 10:00:00,349.8,0,800,1
2022-09-27 11:00:00,349.9,0,800,1
2022-09-27 12:00:00,350,0,800,1
2022-09-27 13:00:00,350,0,800,1
2022-09-27 14:00:00,350,0,800,1
2022-09-27 15:00:00,349.9,0,800,1
2022-09-27 16:00:00,350.1,0,800,1
2022-09-27 17:00:00,350.1,0,800,1
2022-09-27 18:00:00,350.3,0,800,1
2022-09-27 19:00:00,350.2,0,800,1
2022-09-27 20:00:00,350.8,0,800,1
2022-09-27 21:00:00,350.7,0,800,1
2022-09-27 22:00:00,351.2,0,800,1
2022-09-27 23:00:00,351.3,0,800,1
2022-09-28 00:00:00,351.5,0,800,1
2022-09-28 01:00:00,351.7,0,800,1
2022-09-28 02:00:00,351.6,0,800,1
2022-09-28 03:00:00,351.5,0,800,1
2022-09-28 04:00:00,351.2,0,800,1
2022-09-28 05:00:00,351,0,800,1
2022-09-28 06:00:00,350.8,0,800,1
2022-09-28 07:00:00,350.7,0,800,1
2022-09-28 08:00:00,350.7,0,800,1
2022-09-28 09:00:00,350.7,0,800,1
2022-09-28 10:00:00,350.7,0,800,1
2022-09-28 11:00:00,350.7,0,800,1
2022-09-28 12:00:00,350.7,0,800,1
2022-09-28 13:00:00,350.6,0,800,1
2022-09-28 14:00:00,350.5,0,800,1
2022-09-28 15:00:00,350.6,0,800,1
2022-09-28 16:00:00,350.5,0,800,1
2022-09-28 17:00:00,350.8,0,800,1
2022-09-28 18:00:00,351,0,800,1
2022-09-28 19:00:00,351,0,800,1
2022-09-28 20:00:00,351.3,0,800,1
2022-09-28 21:00:00,351.4,0,800,1
2022-09-28 22:00:00,351.8,0,800,1
2022-09-28 23:00:00,352.1,0,800,1
2022-09-29 00:00:00,352.3,0,800,1
2022-09-29 01:00:00,352.5,0,800,1
2022-09-29 02:00:00,352.5,0,800,1
2022-09-29 03:00:00,352.4,0,800,1
2022-09-29 04:00:00,352.2,0,800,1
2022-09-29 05:00:00,352,0,800,1
2022-09-29 06:00:00,352,0,800,1
2022-09-29 07:00:00,351.8,0,800,1
2022-09-29 08:00:00,351.8,0,800,1
2022-09-29 09:00:00,351.7,0,800,1
2022-09-29 10:00:00,351.6,0,800,1
2022-09-29 11:00:00,351.5,0,800,1
2022-09-29 12:00:00,351.4,0,800,1
2022-09-29 13:00:00,351.2,0,800,1
2022-09-29 14:00:00,351,0,800,1
2022-09-29 15:00:00,351,0,800,1
2022-09-29 16:00:00,350.9,0,800,1
2022-09-29 17:00:00,351.4,0,800,1
2022-09-29 18:00:00,351.5,0,800,1
2022-09-29 19:00:00,351.9,0,800,1
2022-09-29 20:00:00,352,0,800,1
2022-09-29 21:00:00,352.7,0,800,1
2022-09-29 22:00:00,353,0,800,1
2022-09-29 23:00:00,353.4,0,800,1
2022-09-30 00:00:00,353.4,0,800,1
2022-09-30 01:00:00,353.7,0,800,1
2022-09-30 02:00:00,353.7,0,800,1
2022-09-30 03:00:00,353.6,0,800,1
2022-09-30 04:00:00,353.4,0,800,1
2022-09-30 05:00:00,353.1,0,800,1
2022-09-30 06:00:00,353.1,0,800,1
2022-09-30 07:00:00,353,0,800,1
2022-09-30 08:00:00,353,0,800,1
2022-09-30 09:00:00,353,0,800,1
2022-09-30 10:00:00,353,0,800,1
2022-09-30 11:00:00,353,0,800,1
2022-09-30 12:00:00,353.1,0,800,1
2022-09-30 13:00:00,353.2,0,800,1
2022-09-30 14:00:00,353.3,0,800,1
2022-09-30 15:00:00,353.3,0,800,1
2022-09-30 16:00:00,353.3,0,800,1
2022-09-30 17:00:00,353.5,0,800,1
2022-09-30 18:00:00,353.5,0,800,1
2022-09-30 19:00:00,353.6,0,800,1
2022-09-30 20:00:00,353.8,0,800,1
2022-09-30 21:00:00,354.1,0,800,1
2022-09-30 22:00:00,354.2,0,800,1
2022-09-30 23:00:00,354.3,0,800,1
2022-10-01 00:00:00,354.4,0,800,1
2022-10-01 01:00:00,354.6,0,800,1
2022-10-01 02:00:00,354.7,0,800,1
2022-10-01 03:00:00,354.6,0,800,1
2022-10-01 04:00:00,354.6,0,800,1
2022-10-01 05:00:00,354.6,0,800,1
2022-10-01 06:00:00,354.3,0,800,1
2022-10-01 07:00:00,354.2,0,800,1
2022-10-01 08:00:00,354,0,800,1
2022-10-01 09:00:00,353.8,0,800,1
2022-10-01 10:00:00,353.8,0,800,1
2022-10-01 11:00:00,353.9,0,800,1
2022-10-01 12:00:00,353.5,0,800,1
2022-10-01 13:00:00,354.3,0,800,1
2022-10-01 14:00:00,354.3,0,800,1
2022-10-01 15:00:00,354.1,0,800,1
2022-10-01 16:00:00,353.8,0,800,1
2022-10-01 17:00:00,354.3,0,800,1
2022-10-01 18:00:00,354.7,0,800,1
2022-10-01 19:00:00,355.4,0,800,1
2022-10-01 20:00:00,355.5,0,800,1
2022-10-01 21:00:00,352.9,0,800,1
2022-10-01 22:00:00,355.3,0,800,1
2022-10-01 23:00:00,356.1,0,800,1
2022-10-02 00:00:00,356.5,0,800,1
2022-10-02 01:00:00,355.6,0,800,1
2022-10-02 02:00:00,356.6,0,800,1
2022-10-02 03:00:00,356.1,0,800,1
2022-10-02 04:00:00,356.7,0,800,1
2022-10-02 05:00:00,357.2,0,800,1
2022-10-02 06:00:00,357.1,0,800,1
2022-10-02 07:00:00,356.9,0,800,1
2022-10-02 08:00:00,357,0,800,1
2022-10-02 09:00:00,356.9,0,800,1
2022-10-02 10:00:00,356.9,0,800,1
2022-10-02 11:00:00,356.8,0,800,1
2022-10-02 12:00:00,356.7,0,800,1
2022-10-02 13:00:00,356.5,0,800,1
2022-10-02 14:00:00,356.3,0,800,1
2022-10-02 15:00:00,356.1,0,800,1
2022-10-02 16:00:00,356,0,800,1
2022-10-02 17:00:00,356.2,0,800,1
2022-10-02 18:00:00,356.5,0,800,1
2022-10-02 19:00:00,356.7,0,800,1
2022-10-02 20:00:00,357,0,800,1
2022-10-02 21:00:00,357.4,0,800,1
2022-10-02 22:00:00,357.6,0,800,1
2022-10-02 23:00:00,357.9,0,800,1
2022-10-03 00:00:00,358.2,0,800,1
2022-10-03 01:00:00,358.4,0,800,1
2022-10-03 02:00:00,358.1,0,800,1
2022-10-03 03:00:00,357.7,0,800,1
2022-10-03 04:00:00,357.3,0,800,1
2022-10-03 05:00:00,357.1,0,800,1
2022-10-03 06:00:00,356.9,0,800,1
2022-10-03 07:00:00,356.6,0,800,1
2022-10-03 08:00:00,356.4,0,800,1
2022-10-03 09:00:00,356.2,0,800,1
2022-10-03 10:00:00,356,0,800,1
2022-10-03 11:00:00,356,0,800,1
2022-10-03 12:00:00,355.8,0,800,1
2022-10-03 13:00:00,355.7,0,800,1
2022-10-03 14:00:00,355.6,0,800,1
2022-10-03 15:00:00,355.6,0,800,1
2022-10-03 16:00:00,355.5,0,800,1
2022-10-03 17:00:00,355.7,0,800,1
2022-10-03 18:00:00,356,0,800,1
2022-10-03 19:00:00,356.5,0,800,1
2022-10-03 20:00:00,356.9,0,800,1
2022-10-03 21:00:00,356.6,0,800,1
2022-10-03 22:00:00,357.4,0,800,1
2022-10-03 23:00:00,358,0,800,1
2022-10-04 00:00:00,358.2,0,800,1
2022-10-04 01:00:00,358.6,0,800,1
2022-10-04 02:00:00,358.1,0,800,1
2022-10-04 03:00:00,357.8,0,800,1
2022-10-04 04:00:00,357.5,0,800,1
2022-10-04 05:00:00,357.4,0,800,1
2022-10-04 06:00:00,357.1,0,800,1
2022-10-04 07:00:00,356.8,0,800,1
2022-10-04 08:00:00,356.8,0,800,1
2022-10-04 09:00:00,356.7,0,800,1
2022-10-04 10:00:00,356.6,0,800,1
2022-10-04 11:00:00,356.4,0,800,1
2022-10-04 12:00:00,356.4,0,800,1
2022-10-04 13:00:00,356.4,0,800,1
2022-10-04 14:00:00,356.5,0,800,1
2022-10-04 15:00:00,356.6,0,800,1
2022-10-04 16:00:00,356.5,0,800,1
2022-10-04 17:00:00,356.7,0,800,1
2022-10-04 18:00:00,357,0,800,1
2022-10-04 19:00:00,357.2,0,800,1
2022-10-04 20:00:00,357.6,0,800,1
2022-10-04 21:00:00,358.2,0,800,1
2022-10-04 22:00:00,358.5,0,800,1
2022-10-04 23:00:00,358.7,0,800,1
2022-10-05 00:00:00,358.8,0,800,1
2022-10-05 01:00:00,358.8,0,800,1
2022-10-05 02:00:00,358.6,0,800,1
2022-10-05 03:00:00,358.8,0,800,1
2022-10-05 04:00:00,358.7,0,800,1
2022-10-05 05:00:00,358.6,0,800,1
2022-10-05 06:00:00,358.6,0,800,1
2022-10-05 07:00:00,358.9,0,800,1
2022-10-05 08:00:00,360.3,0,800,1
2022-10-05 09:00:00,361.4,0,800,1
2022-10-05 10:00:00,361,0,800,1
2022-10-05 11:00:00,361.6,0,800,1
2022-10-05 12:00:00,361.5,0,800,1
2022-10-05 13:00:00,361.6,0,800,1
2022-10-05 14:00:00,361.7,0,800,1
2022-10-05 15:00:00,361.8,0,800,1
2022-10-05 16:00:00,361.8,0,800,1
2022-10-05 17:00:00,361.8,0,800,1
2022-10-05 18:00:00,361.7,0,800,1
2022-10-05 19:00:00,362.1,0,800,1
2022-10-05 20:00:00,362.2,0,800,1
2022-10-05 21:00:00,362.4,0,800,1
2022-10-05 22:00:00,362.6,0,800,1
2022-10-05 23:00:00,362.6,0,800,1
2022-10-06 00:00:00,362.7,0,800,1
2022-10-06 01:00:00,363.1,0,800,1
2022-10-06 02:00:00,363,0,800,1
2022-10-06 03:00:00,363,0,800,1
2022-10-06 04:00:00,362.9,0,800,1
2022-10-06 05:00:00,363,0,800,1
2022-10-06 06:00:00,363,0,800,1
2022-10-06 07:00:00,363,0,800,1
2022-10-06 08:00:00,362.9,0,800,1
2022-10-06 09:00:00,362.9,0,800,1
2022-10-06 10:00:00,362.8,0,800,1
2022-10-06 11:00:00,362.7,0,800,1
2022-10-06 12:00:00,362.6,0,800,1
2022-10-06 13:00:00,362.2,0,800,1
2022-10-06 14:00:00,362.2,0,800,1
2022-10-06 15:00:00,362,0,800,1
2022-10-06 16:00:00,361.9,0,800,1
2022-10-06 17:00:00,362.1,0,800,1
2022-10-06 18:00:00,362.5,0,800,1
2022-10-06 19:00:00,362.7,0,800,1
2022-10-06 20:00:00,363.1,0,800,1
2022-10-06 21:00:00,363.3,0,800,1
2022-10-06 22:00:00,363.8,0,800,1
2022-10-06 23:00:00,364.1,0,800,1
2022-10-07 00:00:00,364.6,0,800,1
2022-10-07 01:00:00,364.6,0,800,1
2022-10-07 02:00:00,364.6,0,800,1
2022-10-07 03:00:00,364.1,0,800,1
2022-10-07 04:00:00,363.9,0,800,1
2022-10-07 05:00:00,363.5,0,800,1
2022-10-07 06:00:00,363.3,0,800,1
2022-10-07 07:00:00,363.1,0,800,1
2022-10-07 08:00:00,362.9,0,800,1
2022-10-07 09:00:00,362.8,0,800,1
2022-10-07 10:00:00,362.7,0,800,1
2022-10-07 11:00:00,362.8,0,800,1
2022-10-07 12:00:00,362.5,0,800,1
2022-10-07 13:00:00,362.5,0,800,1
2022-10-07 14:00:00,362.4,0,800,1
2022-10-07 15:00:00,362.4,0,800,1
2022-10-07 16:00:00,362.2,0,800,1
2022-10-07 17:00:00,362.5,0,800,1
2022-10-07 18:00:00,362.7,0,800,1
2022-10-07 19:00:00,363.2,0,800,1
2022-10-07 20:00:00,363.5,0,800,1
2022-10-07 21:00:00,363.9,0,800,1
2022-10-07 22:00:00,364.4,0,800,1
2022-10-07 23:00:00,364.9,0,800,1
2022-10-08 00:00:00,365.3,0,800,1
2022-10-08 01:00:00,365.5,0,800,1
2022-10-08 02:00:00,365.3,0,800,1
2022-10-08 03:00:00,364.9,0,800,1
2022-10-08 04:00:00,364.5,0,800,1
2022-10-08 05:00:00,364.3,0,800,1
2022-10-08 06:00:00,363.9,0,800,1
2022-10-08 07:00:00,363.9,0,800,1
2022-10-08 08:00:00,363.7,0,800,1
2022-10-08 09:00:00,363.7,0,800,1
2022-10-08 10:00:00,363.6,0,800,1
2022-10-08 11:00:00,363.5,0,800,1
2022-10-08 12:00:00,363.5,0,800,1
2022-10-08 13:00:00,363.4,0,800,1
2022-10-08 14:00:00,363.2,0,800,1
2022-10-08 15:00:00,363.3,0,800,1
2022-10-08 16:00:00,363.4,0,800,1
2022-10-08 17:00:00,363.5,0,800,1
2022-10-08 18:00:00,363.7,0,800,1
2022-10-08 19:00:00,364,0,800,1
2022-10-08 20:00:00,364.2,0,800,1
2022-10-08 21:00:00,364.5,0,800,1
2022-10-08 22:00:00,365,0,800,1
2022-10-08 23:00:00,365.5,0,800,1
2022-10-09 00:00:00,365.7,0,800,1
2022-10-09 01:00:00,365.8,0,800,1
2022-10-09 02:00:00,365.7,0,800,1
2022-10-09 03:00:00,365.3,0,800,1
2022-10-09 04:00:00,365,0,800,1
2022-10-09 05:00:00,364.8,0,800,1
2022-10-09 06:00:00,364.5,0,800,1
2022-10-09 07:00:00,364.5,0,800,1
2022-10-09 08:00:00,364.5,0,800,1
2022-10-09 09:00:00,364.4,0,800,1
2022-10-09 10:00:00,364.6,0,800,1
2022-10-09 11:00:00,364.4,0,800,1
2022-10-09 12:00:00,364.3,0,800,1
2022-10-09 13:00:00,364.3,0,800,1
2022-10-09 14:00:00,364.4,0,800,1
2022-10-09 15:00:00,364.4,0,800,1
2022-10-09 16:00:00,364.5,0,800,1
2022-10-09 17:00:00,364.6,0,800,1
2022-10-09 18:00:00,364.5,0,800,1
2022-10-09 19:00:00,364.7,0,800,1
2022-10-09 20:00:00,365.2,0,800,1
2022-10-09 21:00:00,365.8,0,800,1
2022-10-09 22:00:00,366.1,0,800,1
2022-10-09 23:00:00,365.8,0,800,1
2022-10-10 00:00:00,366.6,0,800,1
2022-10-10 01:00:00,366.6,0,800,1
2022-10-10 02:00:00,366.2,0,800,1
2022-10-10 03:00:00,367.5,0,800,1
2022-10-10 04:00:00,367.4,0,800,1
2022-10-10 05:00:00,365.5,0,800,1
2022-10-10 06:00:00,367.7,0,800,1
2022-10-10 07:00:00,369.1,0,800,1
2022-10-10 08:00:00,369.3,0,800,1
2022-10-10 09:00:00,368.4,0,800,1
2022-10-10 10:00:00,370.2,0,800,1
2022-10-10 11:00:00,369.8,0,800,1
2022-10-10 12:00:00,372.1,0,800,1
2022-10-10 13:00:00,373.2,0,800,1
2022-10-10 14:00:00,373,0,800,1
2022-10-10 15:00:00,373.2,0,800,1
2022-10-10 16:00:00,373.1,0,800,1
2022-10-10 17:00:00,372.8,0,800,1
2022-10-10 18:00:00,372.6,0,800,1
2022-10-10 19:00:00,373.1,0,800,1
2022-10-10 20:00:00,373.4,0,800,1
2022-10-10 21:00:00,373.4,0,800,1
2022-10-10 22:00:00,373.3,0,800,1
2022-10-10 23:00:00,373.1,0,800,1
2022-10-11 00:00:00,373.6,0,800,1
2022-10-11 01:00:00,373.5,0,800,1
2022-10-11 02:00:00,373.6,0,800,1
2022-10-11 03:00:00,373.6,0,800,1
2022-10-11 04:00:00,373.6,0,800,1
2022-10-11 05:00:00,373.5,0,800,1
2022-10-11 06:00:00,373.3,0,800,1
2022-10-11 07:00:00,373.3,0,800,1
2022-10-11 08:00:00,372.9,0,800,1
2022-10-11 09:00:00,373.3,0,800,1
2022-10-11 10:00:00,373.5,0,800,1
2022-10-11 11:00:00,373.2,0,800,1
2022-10-11 12:00:00,373.5,0,800,1
2022-10-11 13:00:00,373.6,0,800,1
2022-10-11 14:00:00,373.6,0,800,1
2022-10-11 15:00:00,373.6,0,800,1
2022-10-11 16:00:00,373.8,0,800,1
2022-10-11 17:00:00,373.9,0,800,1
2022-10-11 18:00:00,373.6,0,800,1
2022-10-11 19:00:00,373.5,0,800,1
2022-10-11 20:00:00,374.1,0,800,1
2022-10-11 21:00:00,374.3,0,800,1
2022-10-11 22:00:00,374.2,0,800,1
2022-10-11 23:00:00,374.4,0,800,1
2022-10-12 00:00:00,373.8,0,800,1
2022-10-12 01:00:00,374.6,0,800,1
2022-10-12 02:00:00,374.5,0,800,1
2022-10-12 03:00:00,374.4,0,800,1
2022-10-12 04:00:00,374.4,0,800,1
2022-10-12 05:00:00,374.3,0,800,1
2022-10-12 06:00:00,374.2,0,800,1
2022-10-12 07:00:00,374.1,0,800,1
2022-10-12 08:00:00,374.4,0,800,1
2022-10-12 09:00:00,374.4,0,800,1
2022-10-12 10:00:00,374.5,0,800,1
2022-10-12 11:00:00,374.7,0,800,1
2022-10-12 12:00:00,374.7,0,800,1
2022-10-12 13:00:00,374.9,0,800,1
2022-10-12 14:00:00,375,0,800,1
2022-10-12 15:00:00,374.9,0,800,1
2022-10-12 16:00:00,374.8,0,800,1
2022-10-12 17:00:00,374.9,0,800,1
2022-10-12 18:00:00,375.1,0,800,1
2022-10-12 19:00:00,375.5,0,800,1
2022-10-12 20:00:00,375.3,0,800,1
2022-10-12 21:00:00,375.4,0,800,1
2022-10-12 22:00:00,375.5,0,800,1
2022-10-12 23:00:00,375.9,0,800,1
2022-10-13 00:00:00,376.1,0,800,1
2022-10-13 01:00:00,376.1,0,800,1
2022-10-13 02:00:00,376.2,0,800,1
2022-10-13 03:00:00,376.1,0,800,1
2022-10-13 04:00:00,376.1,0,800,1
2022-10-13 05:00:00,376.2,0,800,1
2022-10-13 06:00:00,375.9,0,800,1
2022-10-13 07:00:00,376.4,0,800,1
2022-10-13 08:00:00,376.7,0,800,1
2022-10-13 09:00:00,376.5,0,800,1
2022-10-13 10:00:00,376.8,0,800,1
2022-10-13 11:00:00,376.5,0,800,1
2022-10-13 12:00:00,377.1,0,800,1
2022-10-13 13:00:00,377,0,800,1
2022-10-13 14:00:00,376.8,0,800,1
2022-10-13 15:00:00,376.8,0,800,1
2022-10-13 16:00:00,376.5,0,800,1
2022-10-13 17:00:00,376.3,0,800,1
2022-10-13 18:00:00,376.8,0,800,1
2022-10-13 19:00:00,376.6,0,800,1
2022-10-13 20:00:00,375.4,0,800,1
2022-10-13 21:00:00,377.1,0,800,1
2022-10-13 22:00:00,377.1,0,800,1
2022-10-13 23:00:00,377.6,0,800,1
2022-10-14 00:00:00,378,0,800,1
2022-10-14 01:00:00,378,0,800,1
2022-10-14 02:00:00,378,0,800,1
2022-10-14 03:00:00,378.1,0,800,1
2022-10-14 04:00:00,378.1,0,800,1
2022-10-14 05:00:00,376.3,0,800,1
2022-10-14 06:00:00,378,0,800,1
2022-10-14 07:00:00,378.6,0,800,1
2022-10-14 08:00:00,378.4,0,800,1
2022-10-14 09:00:00,378,0,800,1
2022-10-14 10:00:00,378.2,0,800,1
2022-10-14 11:00:00,378.5,0,800,1
2022-10-14 12:00:00,378.6,0,800,1
2022-10-14 13:00:00,378.7,0,800,1
2022-10-14 14:00:00,378.4,0,800,1
2022-10-14 15:00:00,378.8,0,800,1
2022-10-14 16:00:00,378.6,0,800,1
2022-10-14 17:00:00,378.7,0,800,1
2022-10-14 18:00:00,378.5,0,800,1
2022-10-14 19:00:00,378.8,0,800,1
2022-10-14 20:00:00,378.7,0,800,1
2022-10-14 21:00:00,378.9,0,800,1
2022-10-14 22:00:00,379,0,800,1
2022-10-14 23:00:00,379,0,800,1
2022-10-15 00:00:00,379.3,0,800,1
2022-10-15 01:00:00,379.1,0,800,1
2022-10-15 02:00:00,378.9,0,800,1
2022-10-15 03:00:00,378.7,0,800,1
2022-10-15 04:00:00,378.5,0,800,1
2022-10-15 05:00:00,378.5,0,800,1
2022-10-15 06:00:00,378.5,0,800,1
2022-10-15 07:00:00,378.7,0,800,1
2022-10-15 08:00:00,378.8,0,800,1
2022-10-15 09:00:00,378.9,0,800,1
2022-10-15 10:00:00,378.8,0,800,1
2022-10-15 11:00:00,378.9,0,800,1
2022-10-15 12:00:00,379,0,800,1
2022-10-15 13:00:00,379,0,800,1
2022-10-15 14:00:00,379.1,0,800,1
2022-10-15 15:00:00,379.2,0,800,1
2022-10-15 16:00:00,379.3,0,800,1
2022-10-15 17:00:00,379.3,0,800,1
2022-10-15 18:00:00,379.4,0,800,1
2022-10-15 19:00:00,379.6,0,800,1
2022-10-15 20:00:00,379.7,0,800,1
2022-10-15 21:00:00,379.6,0,800,1
2022-10-15 22:00:00,380.2,0,800,1
2022-10-15 23:00:00,380.4,0,800,1
2022-10-16 00:00:00,380.5,0,800,1
2022-10-16 01:00:00,380.5,0,800,1
2022-10-16 02:00:00,380.4,0,800,1
2022-10-16 03:00:00,380.3,0,800,1
2022-10-16 04:00:00,380,0,800,1
2022-10-16 05:00:00,379.7,0,800,1
2022-10-16 06:00:00,379.7,0,800,1
2022-10-16 07:00:00,379.6,0,800,1
2022-10-16 08:00:00,379.4,0,800,1
2022-10-16 09:00:00,379.3,0,800,1
2022-10-16 10:00:00,379.2,0,800,1
2022-10-16 11:00:00,379,0,800,1
2022-10-16 12:00:00,379.1,0,800,1
2022-10-16 13:00:00,379,0,800,1
2022-10-16 14:00:00,378.9,0,800,1
2022-10-16 15:00:00,378.9,0,800,1
2022-10-16 16:00:00,378.8,0,800,1
2022-10-16 17:00:00,379.2,0,800,1
2022-10-16 18:00:00,379.4,0,800,1
2022-10-16 19:00:00,379.6,0,800,1
2022-10-16 20:00:00,380,0,800,1
2022-10-16 21:00:00,380.2,0,800,1
2022-10-16 22:00:00,380.7,0,800,1
2022-10-16 23:00:00,381,0,800,1
2022-10-17 00:00:00,381.3,0,800,1
2022-10-17 01:00:00,381.5,0,800,1
2022-10-17 02:00:00,381.2,0,800,1
2022-10-17 03:00:00,380.9,0,800,1
2022-10-17 04:00:00,380.5,0,800,1
2022-10-17 05:00:00,380.3,0,800,1
2022-10-17 06:00:00,380.2,0,800,1
2022-10-17 07:00:00,380.2,0,800,1
2022-10-17 08:00:00,379.8,0,800,1
2022-10-17 09:00:00,379.8,0,800,1
2022-10-17 10:00:00,379.9,0,800,1
2022-10-17 11:00:00,379.7,0,800,1
2022-10-17 12:00:00,379.7,0,800,1
2022-10-17 13:00:00,379.7,0,800,1
2022-10-17 14:00:00,379.7,0,800,1
2022-10-17 15:00:00,379.7,0,800,1
2022-10-17 16:00:00,379.7,0,800,1
2022-10-17 17:00:00,379.8,0,800,1
2022-10-17 18:00:00,379.9,0,800,1
2022-10-17 19:00:00,380.4,0,800,1
2022-10-17 20:00:00,380.8,0,800,1
2022-10-17 21:00:00,380.7,0,800,1
2022-10-17 22:00:00,381.2,0,800,1
2022-10-17 23:00:00,381.8,0,800,1
2022-10-18 00:00:00,382,0,800,1
2022-10-18 01:00:00,382,0,800,1
2022-10-18 02:00:00,381.8,0,800,1
2022-10-18 03:00:00,381.7,0,800,1
2022-10-18 04:00:00,381.6,0,800,1
2022-10-18 05:00:00,381.5,0,800,1
2022-10-18 06:00:00,381.5,0,800,1
2022-10-18 07:00:00,381.5,0,800,1
2022-10-18 08:00:00,381.6,0,800,1
2022-10-18 09:00:00,381.5,0,800,1
2022-10-18 10:00:00,381.6,0,800,1
2022-10-18 11:00:00,381.5,0,800,1
2022-10-18 12:00:00,381.4,0,800,1
2022-10-18 13:00:00,381.3,0,800,1
2022-10-18 14:00:00,381.3,0,800,1
2022-10-18 15:00:00,381.3,0,800,1
2022-10-18 16:00:00,381.5,0,800,1
2022-10-18 17:00:00,381.6,0,800,1
2022-10-18 18:00:00,381.6,0,800,1
2022-10-18 19:00:00,381.8,0,800,1
2022-10-18 20:00:00,382,0,800,1
2022-10-18 21:00:00,381.3,0,800,1
2022-10-18 22:00:00,382,0,800,1
2022-10-18 23:00:00,382.2,0,800,1
2022-10-19 00:00:00,382.3,0,800,1
2022-10-19 01:00:00,382.5,0,800,1
2022-10-19 02:00:00,382.3,0,800,1
2022-10-19 03:00:00,382.3,0,800,1
2022-10-19 04:00:00,382.5,0,800,1
2022-10-19 05:00:00,382.1,0,800,1
2022-10-19 06:00:00,382.5,0,800,1
2022-10-19 07:00:00,382.9,0,800,1
2022-10-19 08:00:00,382.4,0,800,1
2022-10-19 09:00:00,382.4,0,800,1
2022-10-19 10:00:00,383,0,800,1
2022-10-19 11:00:00,383.1,0,800,1
2022-10-19 12:00:00,385.4,0,800,1
2022-10-19 13:00:00,387.5,0,800,1
2022-10-19 14:00:00,387.8,0,800,1
2022-10-19 15:00:00,389.3,0,800,1
2022-10-19 16:00:00,388.4,0,800,1
2022-10-19 17:00:00,389.2,0,800,1
2022-10-19 18:00:00,388.8,0,800,1
2022-10-19 19:00:00,388.8,0,800,1
2022-10-19 20:00:00,388.2,0,800,1
2022-10-19 21:00:00,389,0,800,1
2022-10-19 22:00:00,388.5,0,800,1
2022-10-19 23:00:00,388.8,0,800,1
2022-10-20 00:00:00,389.3,0,800,1
2022-10-20 01:00:00,389.4,0,800,1
2022-10-20 02:00:00,389.7,0,800,1
2022-10-20 03:00:00,389.7,0,800,1
2022-10-20 04:00:00,389.5,0,800,1
2022-10-20 05:00:00,388.5,0,800,1
2022-10-20 06:00:00,389.4,0,800,1
2022-10-20 07:00:00,389.2,0,800,1
2022-10-20 08:00:00,389.6,0,800,1
2022-10-20 09:00:00,389.6,0,800,1
2022-10-20 10:00:00,389.6,0,800,1
2022-10-20 11:00:00,389.5,0,800,1
2022-10-20 12:00:00,389.7,0,800,1
2022-10-20 13:00:00,389.5,0,800,1
2022-10-20 14:00:00,389.3,0,800,1
2022-10-20 15:00:00,389.3,0,800,1
2022-10-20 16:00:00,389.2,0,800,1
2022-10-20 17:00:00,389.4,0,800,1
2022-10-20 18:00:00,389.4,0,800,1
2022-10-20 19:00:00,389.4,0,800,1
2022-10-20 20:00:00,389.5,0,800,1
2022-10-20 21:00:00,389.6,0,800,1
2022-10-20 22:00:00,389.6,0,800,1
2022-10-20 23:00:00,389.6,0,800,1
2022-10-21 00:00:00,389.7,0,800,1
2022-10-21 01:00:00,389.6,0,800,1
2022-10-21 02:00:00,389.5,0,800,1
2022-10-21 03:00:00,389.5,0,800,1
2022-10-21 04:00:00,389.5,0,800,1
2022-10-21 05:00:00,389.5,0,800,1
2022-10-21 06:00:00,389.5,0,800,1
2022-10-21 07:00:00,389.6,0,800,1
2022-10-21 08:00:00,389.6,0,800,1
2022-10-21 09:00:00,389.7,0,800,1
2022-10-21 10:00:00,389.6,0,800,1
2022-10-21 11:00:00,389.7,0,800,1
2022-10-21 12:00:00,389.6,0,800,1
2022-10-21 13:00:00,389.7,0,800,1
2022-10-21 14:00:00,389.6,0,800,1
2022-10-21 15:00:00,389.6,0,800,1
2022-10-21 16:00:00,389.6,0,800,1
2022-10-21 17:00:00,389.6,0,800,1
2022-10-21 18:00:00,389.6,0,800,1
2022-10-21 19:00:00,389.8,0,800,1
2022-10-21 20:00:00,389.9,0,800,1
2022-10-21 21:00:00,390.1,0,800,1
2022-10-21 22:00:00,390.1,0,800,1
2022-10-21 23:00:00,390.2,0,800,1
2022-10-22 00:00:00,390.4,0,800,1
2022-10-22 01:00:00,390.3,0,800,1
2022-10-22 02:00:00,390.3,0,800,1
2022-10-22 03:00:00,390.3,0,800,1
2022-10-22 04:00:00,390.2,0,800,1
2022-10-22 05:00:00,390.2,0,800,1
2022-10-22 06:00:00,390.5,0,800,1
2022-10-22 07:00:00,390.7,0,800,1
2022-10-22 08:00:00,391,0,800,1
2022-10-22 09:00:00,391.3,0,800,1
2022-10-22 10:00:00,391.8,0,800,1
2022-10-22 11:00:00,392.7,0,800,1
2022-10-22 12:00:00,393.5,0,800,1
2022-10-22 13:00:00,393.7,0,800,1
2022-10-22 14:00:00,394.4,0,800,1
2022-10-22 15:00:00,394.4,0,800,1
2022-10-22 16:00:00,394.7,0,800,1
2022-10-22 17:00:00,394.6,0,800,1
2022-10-22 18:00:00,394.9,0,800,1
2022-10-22 19:00:00,394.9,0,800,1
2022-10-22 20:00:00,394.9,0,800,1
2022-10-22 21:00:00,395.2,0,800,1
2022-10-22 22:00:00,395.3,0,800,1
2022-10-22 23:00:00,395.5,0,800,1
2022-10-23 00:00:00,395.5,0,800,1
2022-10-23 01:00:00,396.1,0,800,1
2022-10-23 02:00:00,396.4,0,800,1
2022-10-23 03:00:00,396.3,0,800,1
2022-10-23 04:00:00,396.4,0,800,1
2022-10-23 05:00:00,396.2,0,800,1
2022-10-23 06:00:00,396.3,0,800,1
2022-10-23 07:00:00,396.4,0,800,1
2022-10-23 08:00:00,396.3,0,800,1
2022-10-23 09:00:00,396.3,0,800,1
2022-10-23 10:00:00,396.3,0,800,1
2022-10-23 11:00:00,396.3,0,800,1
2022-10-23 12:00:00,396.2,0,800,1
2022-10-23 13:00:00,396.2,0,800,1
2022-10-23 14:00:00,396.1,0,800,1
2022-10-23 15:00:00,396.2,0,800,1
2022-10-23 16:00:00,396.1,0,800,1
2022-10-23 17:00:00,396,0,800,1
2022-10-23 18:00:00,396.1,0,800,1
2022-10-23 19:00:00,396.1,0,800,1
2022-10-23 20:00:00,396,0,800,1
2022-10-23 21:00:00,396.1,0,800,1
2022-10-23 22:00:00,396.7,0,800,1
2022-10-23 23:00:00,397.9,0,800,1
2022-10-24 00:00:00,398.6,0,800,1
2022-10-24 01:00:00,398.8,0,800,1
2022-10-24 02:00:00,399.1,0,800,1
2022-10-24 03:00:00,399.4,0,800,1
2022-10-24 04:00:00,399.5,0,800,1
2022-10-24 05:00:00,399.6,0,800,1
2022-10-24 06:00:00,399.8,0,800,1
2022-10-24 07:00:00,399.8,0,800,1
2022-10-24 08:00:00,400.2,0,800,1
2022-10-24 09:00:00,400.6,0,800,1
2022-10-24 10:00:00,400.9,0,800,1
2022-10-24 11:00:00,401.4,0,800,1
2022-10-24 12:00:00,401.9,0,800,1
2022-10-24 13:00:00,402.3,0,800,1
2022-10-24 14:00:00,402.4,0,800,1
2022-10-24 15:00:00,402.4,0,800,1
2022-10-24 16:00:00,402.5,0,800,1
2022-10-24 17:00:00,402.5,0,800,1
2022-10-24 18:00:00,402.8,0,800,1
2022-10-24 19:00:00,402.9,0,800,1
2022-10-24 20:00:00,403.1,0,800,1
2022-10-24 21:00:00,403.5,0,800,1
2022-10-24 22:00:00,403.7,0,800,1
2022-10-24 23:00:00,404.3,0,800,1
2022-10-25 00:00:00,404.1,0,800,1
2022-10-25 01:00:00,404.3,0,800,1
2022-10-25 02:00:00,404.4,0,800,1
2022-10-25 03:00:00,404.4,0,800,1
2022-10-25 04:00:00,404.6,0,800,1
2022-10-25 05:00:00,404.7,0,800,1
2022-10-25 06:00:00,404.6,0,800,1
2022-10-25 07:00:00,404.7,0,800,1
2022-10-25 08:00:00,404.7,0,800,1
2022-10-25 09:00:00,404.5,0,800,1
2022-10-25 10:00:00,404.4,0,800,1
2022-10-25 11:00:00,404,0,800,1
2022-10-25 12:00:00,403.9,0,800,1
2022-10-25 13:00:00,403.8,0,800,1
2022-10-25 14:00:00,403.6,0,800,1
2022-10-25 15:00:00,403.3,0,800,1
2022-10-25 16:00:00,403.3,0,800,1
2022-10-25 17:00:00,403.3,0,800,1
2022-10-25 18:00:00,403.4,0,800,1
2022-10-25 19:00:00,403.4,0,800,1
2022-10-25 20:00:00,403.6,0,800,1
2022-10-25 21:00:00,403.7,0,800,1
2022-10-25 22:00:00,403.7,0,800,1
2022-10-25 23:00:00,404.6,0,800,1
2022-10-26 00:00:00,405.1,0,800,1
2022-10-26 01:00:00,405.4,0,800,1
2022-10-26 02:00:00,405.7,0,800,1
2022-10-26 03:00:00,405.7,0,800,1
2022-10-26 04:00:00,405.7,0,800,1
2022-10-26 05:00:00,405.8,0,800,1
2022-10-26 06:00:00,405.8,0,800,1
2022-10-26 07:00:00,405.7,0,800,1
2022-10-26 08:00:00,405.7,0,800,1
2022-10-26 09:00:00,405.9,0,800,1
2022-10-26 10:00:00,405.2,0,800,1
2022-10-26 11:00:00,405.4,0,800,1
2022-10-26 12:00:00,405.6,0,800,1
2022-10-26 13:00:00,405.9,0,800,1
2022-10-26 14:00:00,406,0,800,1
2022-10-26 15:00:00,406,0,800,1
2022-10-26 16:00:00,406,0,800,1
2022-10-26 17:00:00,405.8,0,800,1
2022-10-26 18:00:00,406,0,800,1
2022-10-26 19:00:00,405.9,0,800,1
2022-10-26 20:00:00,405.4,0,800,1
2022-10-26 21:00:00,406.4,0,800,1
2022-10-26 22:00:00,406.1,0,800,1
2022-10-26 23:00:00,406.2,0,800,1
2022-10-27 00:00:00,406.4,0,800,1
2022-10-27 01:00:00,407,0,800,1
2022-10-27 02:00:00,407.3,0,800,1
2022-10-27 03:00:00,408,0,800,1
2022-10-27 04:00:00,407.4,0,800,1
2022-10-27 05:00:00,407.1,0,800,1
2022-10-27 06:00:00,407.7,0,800,1
2022-10-27 07:00:00,408.1,0,800,1
2022-10-27 08:00:00,408.3,0,800,1
2022-10-27 09:00:00,409,0,800,1
2022-10-27 10:00:00,408.5,0,800,1
2022-10-27 11:00:00,408.2,0,800,1
2022-10-27 12:00:00,408.7,0,800,1
2022-10-27 13:00:00,409.9,0,800,1
2022-10-27 14:00:00,409.9,0,800,1
2022-10-27 15:00:00,409.7,0,800,1
2022-10-27 16:00:00,410,0,800,1
2022-10-27 17:00:00,409.7,0,800,1
2022-10-27 18:00:00,410,0,800,1
2022-10-27 19:00:00,409.9,0,800,1
2022-10-27 20:00:00,408.9,0,800,1
2022-10-27 21:00:00,410.3,0,800,1
2022-10-27 22:00:00,409.4,0,800,1
2022-10-27 23:00:00,410.7,0,800,1
2022-10-28 00:00:00,410.2,0,800,1
2022-10-28 01:00:00,409.8,0,800,1
2022-10-28 02:00:00,410.5,0,800,1
2022-10-28 03:00:00,410.9,0,800,1
2022-10-28 04:00:00,410.9,0,800,1
2022-10-28 05:00:00,410.5,0,800,1
2022-10-28 06:00:00,411.5,0,800,1
2022-10-28 07:00:00,411.4,0,800,1
2022-10-28 08:00:00,411.8,0,800,1
2022-10-28 09:00:00,411.8,0,800,1
2022-10-28 10:00:00,411.5,0,800,1
2022-10-28 11:00:00,411.6,0,800,1
2022-10-28 12:00:00,410.9,0,800,1
2022-10-28 13:00:00,411.6,0,800,1
2022-10-28 14:00:00,412,0,800,1
2022-10-28 15:00:00,411.9,0,800,1
2022-10-28 16:00:00,412.4,0,800,1
2022-10-28 17:00:00,412.6,0,800,1
2022-10-28 18:00:00,412.4,0,800,1
2022-10-28 19:00:00,412.8,0,800,1
2022-10-28 20:00:00,413.1,0,800,1
2022-10-28 21:00:00,413,0,800,1
2022-10-28 22:00:00,412.3,0,800,1
2022-10-28 23:00:00,413,0,800,1
2022-10-29 00:00:00,413.3,0,800,1
2022-10-29 01:00:00,413.3,0,800,1
2022-10-29 02:00:00,413.6,0,800,1
2022-10-29 03:00:00,413.3,0,800,1
2022-10-29 04:00:00,415.3,0,800,1
2022-10-29 05:00:00,414.3,0,800,1
2022-10-29 06:00:00,413.3,0,800,1
2022-10-29 07:00:00,413.5,0,800,1
2022-10-29 08:00:00,414.6,0,800,1
2022-10-29 09:00:00,415.2,0,800,1
2022-10-29 10:00:00,413.7,0,800,1
2022-10-29 11:00:00,414.8,0,800,1
2022-10-29 12:00:00,414.1,0,800,1
2022-10-29 12:00:01,NaN,-3,800,1
2022-10-29 14:59:59,NaN,-3,800,1
2022-10-29 15:00:00,414.5,0,800,1
2022-10-29 16:00:00,415,0,800,1
2022-10-29 17:00:00,415.2,0,800,1
2022-10-29 18:00:00,415.7,0,800,1
2022-10-29 19:00:00,416.2,0,800,1
2022-10-29 20:00:00,416.5,0,800,1
2022-10-29 21:00:00,417.1,0,800,1
2022-10-29 22:00:00,418.2,0,800,1
2022-10-29 23:00:00,419,0,800,1
2022-10-30 00:00:00,419.4,0,800,1
2022-10-30 01:00:00,419.4,0,800,1
2022-10-30 02:00:00,419.7,0,800,1
2022-10-30 03:00:00,420.9,0,800,1
2022-10-30 04:00:00,420.6,0,800,1
2022-10-30 05:00:00,420.5,0,800,1
2022-10-30 06:00:00,421.5,0,800,1
2022-10-30 07:00:00,422.6,0,800,1
2022-10-30 08:00:00,422.7,0,800,1
2022-10-30 09:00:00,422.1,0,800,1
2022-10-30 10:00:00,423,0,800,1
2022-10-30 11:00:00,423.5,0,800,1
2022-10-30 12:00:00,423.7,0,800,1
2022-10-30 13:00:00,425.6,0,800,1
2022-10-30 14:00:00,424.9,0,800,1
2022-10-30 15:00:00,426.3,0,800,1
2022-10-30 16:00:00,426.2,0,800,1
2022-10-30 17:00:00,426.6,0,800,1
2022-10-30 18:00:00,426.4,0,800,1
2022-10-30 19:00:00,425.5,0,800,1
2022-10-30 20:00:00,426.8,0,800,1
2022-10-30 21:00:00,425.8,0,800,1
2022-10-30 22:00:00,426.6,0,800,1
2022-10-30 23:00:00,426.2,0,800,1
2022-10-31 00:00:00,426.4,0,800,1
2022-10-31 01:00:00,425.9,0,800,1
2022-10-31 02:00:00,426.7,0,800,1
2022-10-31 03:00:00,426.3,0,800,1
2022-10-31 04:00:00,426.6,0,800,1
2022-10-31 05:00:00,426.6,0,800,1
2022-10-31 06:00:00,426.7,0,800,1
2022-10-31 07:00:00,426.7,0,800,1
2022-10-31 08:00:00,426.7,0,800,1
2022-10-31 09:00:00,426.7,0,800,1
2022-10-31 10:00:00,426.7,0,800,1
2022-10-31 11:00:00,426.9,0,800,1
2022-10-31 12:00:00,426.8,0,800,1
2022-10-31 13:00:00,427.1,0,800,1
2022-10-31 14:00:00,427.4,0,800,1
2022-10-31 15:00:00,427.7,0,800,1
2022-10-31 16:00:00,427.8,0,800,1
2022-10-31 17:00:00,428.1,0,800,1
2022-10-31 18:00:00,428,0,800,1
2022-10-31 19:00:00,428,0,800,1
2022-10-31 20:00:00,428,0,800,1
2022-10-31 21:00:00,428.1,0,800,1
2022-10-31 21:00:01,NaN,-3,800,1
2022-11-01 21:59:59,NaN,-3,800,1
2022-11-01 22:00:00,426.5,0,800,1
2022-11-01 23:00:00,426.7,0,800,1
2022-11-02 00:00:00,426.8,0,800,1
2022-11-02 01:00:00,427.3,0,800,1
2022-11-02 02:00:00,427.2,0,800,1
2022-11-02 03:00:00,427.3,0,800,1
2022-11-02 04:00:00,427.3,0,800,1
2022-11-02 05:00:00,427.2,0,800,1
2022-11-02 06:00:00,427.1,0,800,1
2022-11-02 07:00:00,427.1,0,800,1
2022-11-02 08:00:00,426.9,0,800,1
2022-11-02 09:00:00,426.8,0,800,1
2022-11-02 10:00:00,426.5,0,800,1
2022-11-02 11:00:00,426.5,0,800,1
2022-11-02 12:00:00,426.2,0,800,1
2022-11-02 13:00:00,426.1,0,800,1
2022-11-02 14:00:00,426.1,0,800,1
2022-11-02 15:00:00,425.9,0,800,1
2022-11-02 16:00:00,425.8,0,800,1
2022-11-02 17:00:00,425.8,0,800,1
2022-11-02 18:00:00,425.9,0,800,1
2022-11-02 19:00:00,426,0,800,1
2022-11-02 20:00:00,426.1,0,800,1
2022-11-02 21:00:00,426.4,0,800,1
2022-11-02 22:00:00,426.4,0,800,1
2022-11-02 23:00:00,426.8,0,800,1
2022-11-03 00:00:00,426.9,0,800,1
2022-11-03 01:00:00,426.8,0,800,1
2022-11-03 02:00:00,426.7,0,800,1
2022-11-03 03:00:00,426.8,0,800,1
2022-11-03 04:00:00,426.8,0,800,1
2022-11-03 05:00:00,426.7,0,800,1
2022-11-03 06:00:00,426.8,0,800,1
2022-11-03 07:00:00,426.8,0,800,1
2022-11-03 08:00:00,426.8,0,800,1
2022-11-03 09:00:00,426.8,0,800,1
2022-11-03 10:00:00,426.8,0,800,1
2022-11-03 10:00:01,NaN,-3,800,1
2022-11-03 11:59:59,NaN,-3,800,1
2022-11-03 12:00:00,426.8,0,800,1
2022-11-03 13:00:00,426.9,0,800,1
2022-11-03 14:00:00,427.1,0,800,1
2022-11-03 15:00:00,427.1,0,800,1
2022-11-03 16:00:00,427.3,0,800,1
2022-11-03 17:00:00,427.5,0,800,1
2022-11-03 18:00:00,427.9,0,800,1
2022-11-03 19:00:00,427.9,0,800,1
2022-11-03 20:00:00,428.2,0,800,1
2022-11-03 21:00:00,428.4,0,800,1
2022-11-03 22:00:00,428.5,0,800,1
2022-11-03 23:00:00,428.5,0,800,1
2022-11-04 00:00:00,428.7,0,800,1
2022-11-04 01:00:00,428.7,0,800,1
2022-11-04 02:00:00,428.9,0,800,1
2022-11-04 03:00:00,428.8,0,800,1
2022-11-04 04:00:00,428.9,0,800,1
2022-11-04 05:00:00,428.9,0,800,1
2022-11-04 06:00:00,429,0,800,1
2022-11-04 07:00:00,428.9,0,800,1
2022-11-04 08:00:00,430.1,0,800,1
2022-11-04 09:00:00,430.1,0,800,1
2022-11-04 10:00:00,430.2,0,800,1
2022-11-04 11:00:00,430.3,0,800,1
2022-11-04 12:00:00,430.2,0,800,1
2022-11-04 13:00:00,430.3,0,800,1
2022-11-04 14:00:00,430.2,0,800,1
2022-11-04 15:00:00,430.2,0,800,1
2022-11-04 16:00:00,430.1,0,800,1
2022-11-04 17:00:00,430.1,0,800,1
2022-11-04 18:00:00,430.2,0,800,1
2022-11-04 19:00:00,430.1,0,800,1
2022-11-04 20:00:00,430.4,0,800,1
2022-11-04 21:00:00,430.3,0,800,1
2022-11-04 22:00:00,430.5,0,800,1
2022-11-04 23:00:00,430.5,0,800,1
2022-11-05 00:00:00,430.6,0,800,1
2022-11-05 01:00:00,430.4,0,800,1
2022-11-05 02:00:00,430.1,0,800,1
2022-11-05 03:00:00,430.6,0,800,1
2022-11-05 04:00:00,430.5,0,800,1
2022-11-05 05:00:00,430.5,0,800,1
2022-11-05 06:00:00,430.2,0,800,1
2022-11-05 07:00:00,430,0,800,1
2022-11-05 08:00:00,429.8,0,800,1
2022-11-05 09:00:00,429.7,0,800,1
2022-11-05 10:00:00,429.5,0,800,1
2022-11-05 11:00:00,429.4,0,800,1
2022-11-05 12:00:00,429.3,0,800,1
2022-11-05 13:00:00,429.4,0,800,1
2022-11-05 14:00:00,429.2,0,800,1
2022-11-05 15:00:00,429.6,0,800,1
2022-11-05 16:00:00,429.7,0,800,1
2022-11-05 17:00:00,429.6,0,800,1
2022-11-05 18:00:00,429.6,0,800,1
2022-11-05 19:00:00,429.2,0,800,1
2022-11-05 20:00:00,429.5,0,800,1
2022-11-05 21:00:00,429.2,0,800,1
2022-11-05 22:00:00,430,0,800,1
2022-11-05 23:00:00,429.6,0,800,1
2022-11-06 00:00:00,430,0,800,1
2022-11-06 01:00:00,429.2,0,800,1
2022-11-06 02:00:00,429.9,0,800,1
2022-11-06 03:00:00,429.6,0,800,1
2022-11-06 04:00:00,429.7,0,800,1
2022-11-06 05:00:00,429.6,0,800,1
2022-11-06 06:00:00,429.3,0,800,1
2022-11-06 07:00:00,428.5,0,800,1
2022-11-06 08:00:00,429.6,0,800,1
2022-11-06 09:00:00,429.3,0,800,1
2022-11-06 10:00:00,429.1,0,800,1
2022-11-06 11:00:00,429.1,0,800,1
2022-11-06 12:00:00,429.2,0,800,1
2022-11-06 13:00:00,429.2,0,800,1
2022-11-06 14:00:00,428.9,0,800,1
2022-11-06 15:00:00,429.3,0,800,1
2022-11-06 16:00:00,428.8,0,800,1
2022-11-06 17:00:00,429.2,0,800,1
2022-11-06 18:00:00,429.2,0,800,1
2022-11-06 19:00:00,429,0,800,1
2022-11-06 20:00:00,428.5,0,800,1
2022-11-06 21:00:00,429,0,800,1
2022-11-06 22:00:00,428.9,0,800,1
2022-11-06 23:00:00,429,0,800,1
2022-11-07 00:00:00,428.8,0,800,1
2022-11-07 01:00:00,428.8,0,800,1
2022-11-07 02:00:00,429.2,0,800,1
2022-11-07 03:00:00,429.3,0,800,1
2022-11-07 04:00:00,429.1,0,800,1
2022-11-07 05:00:00,428.9,0,800,1
2022-11-07 06:00:00,429.1,0,800,1
2022-11-07 07:00:00,428.9,0,800,1
2022-11-07 08:00:00,428.9,0,800,1
2022-11-07 09:00:00,429,0,800,1
2022-11-07 10:00:00,428.7,0,800,1
2022-11-07 11:00:00,429.2,0,800,1
2022-11-07 12:00:00,428.4,0,800,1
2022-11-07 13:00:00,428.1,0,800,1
2022-11-07 14:00:00,428.5,0,800,1
2022-11-07 15:00:00,428.2,0,800,1
2022-11-07 16:00:00,428.9,0,800,1
2022-11-07 17:00:00,428.6,0,800,1
2022-11-07 18:00:00,428.3,0,800,1
2022-11-07 19:00:00,428.6,0,800,1
2022-11-07 20:00:00,428.7,0,800,1
2022-11-07 21:00:00,428.9,0,800,1
2022-11-07 22:00:00,428.6,0,800,1
2022-11-07 23:00:00,428.9,0,800,1
2022-11-08 00:00:00,428.9,0,800,1
2022-11-08 01:00:00,428.9,0,800,1
2022-11-08 02:00:00,429.1,0,800,1
2022-11-08 03:00:00,429,0,800,1
2022-11-08 04:00:00,429.1,0,800,1
2022-11-08 05:00:00,429,0,800,1
2022-11-08 06:00:00,428.6,0,800,1
2022-11-08 07:00:00,429,0,800,1
2022-11-08 08:00:00,429,0,800,1
2022-11-08 09:00:00,428.8,0,800,1
2022-11-08 10:00:00,428.6,0,800,1
2022-11-08 11:00:00,428.6,0,800,1
2022-11-08 12:00:00,428.4,0,800,1
2022-11-08 13:00:00,428.2,0,800,1
2022-11-08 14:00:00,428.1,0,800,1
2022-11-08 15:00:00,428.1,0,800,1
2022-11-08 16:00:00,427.9,0,800,1
2022-11-08 17:00:00,427.9,0,800,1
2022-11-08 18:00:00,428,0,800,1
2022-11-08 19:00:00,427.9,0,800,1
2022-11-08 20:00:00,428.1,0,800,1
2022-11-08 21:00:00,427.9,0,800,1
2022-11-08 22:00:00,428.2,0,800,1
2022-11-08 23:00:00,428.4,0,800,1
2022-11-09 00:00:00,428.5,0,800,1
2022-11-09 01:00:00,428.7,0,800,1
2022-11-09 02:00:00,428.5,0,800,1
2022-11-09 03:00:00,428.6,0,800,1
2022-11-09 04:00:00,428.7,0,800,1
2022-11-09 05:00:00,428.6,0,800,1
2022-11-09 06:00:00,428.5,0,800,1
2022-11-09 07:00:00,428.5,0,800,1
2022-11-09 08:00:00,428.5,0,800,1
2022-11-09 09:00:00,428.4,0,800,1
2022-11-09 10:00:00,428.3,0,800,1
2022-11-09 11:00:00,428.3,0,800,1
2022-11-09 12:00:00,428.3,0,800,1
2022-11-09 13:00:00,428.4,0,800,1
2022-11-09 14:00:00,428.4,0,800,1
2022-11-09 15:00:00,428.3,0,800,1
2022-11-09 16:00:00,428.3,0,800,1
2022-11-09 17:00:00,428.4,0,800,1
2022-11-09 18:00:00,428.2,0,800,1
2022-11-09 19:00:00,428.4,0,800,1
2022-11-09 20:00:00,428.5,0,800,1
2022-11-09 21:00:00,428.8,0,800,1
2022-11-09 22:00:00,428.8,0,800,1
2022-11-09 23:00:00,429,0,800,1
2022-11-10 00:00:00,429.1,0,800,1
2022-11-10 01:00:00,429.1,0,800,1
2022-11-10 02:00:00,428.9,0,800,1
2022-11-10 03:00:00,428.9,0,800,1
2022-11-10 04:00:00,428.7,0,800,1
2022-11-10 05:00:00,428.7,0,800,1
2022-11-10 06:00:00,428.5,0,800,1
2022-11-10 07:00:00,428.6,0,800,1
2022-11-10 08:00:00,428.6,0,800,1
2022-11-10 09:00:00,428.6,0,800,1
2022-11-10 10:00:00,428.4,0,800,1
2022-11-10 11:00:00,428.5,0,800,1
2022-11-10 12:00:00,428.5,0,800,1
2022-11-10 13:00:00,428.6,0,800,1
2022-11-10 14:00:00,428.6,0,800,1
2022-11-10 15:00:00,428.5,0,800,1
2022-11-10 16:00:00,428.9,0,800,1
2022-11-10 17:00:00,428.8,0,800,1
2022-11-10 18:00:00,428.8,0,800,1
2022-11-10 19:00:00,429.1,0,800,1
2022-11-10 20:00:00,429.2,0,800,1
2022-11-10 21:00:00,429.2,0,800,1
2022-11-10 22:00:00,429.3,0,800,1
2022-11-10 23:00:00,429.3,0,800,1
2022-11-11 00:00:00,429.7,0,800,1
2022-11-11 01:00:00,429.8,0,800,1
2022-11-11 02:00:00,429.9,0,800,1
2022-11-11 03:00:00,430.2,0,800,1
2022-11-11 04:00:00,430.2,0,800,1
2022-11-11 05:00:00,430.1,0,800,1
2022-11-11 06:00:00,430.2,0,800,1
2022-11-11 07:00:00,430.2,0,800,1
2022-11-11 08:00:00,430.2,0,800,1
2022-11-11 09:00:00,430.2,0,800,1
2022-11-11 10:00:00,430.8,0,800,1
2022-11-11 11:00:00,431,0,800,1
2022-11-11 12:00:00,431.3,0,800,1
2022-11-11 13:00:00,431.6,0,800,1
2022-11-11 14:00:00,431.9,0,800,1
2022-11-11 15:00:00,431.9,0,800,1
2022-11-11 16:00:00,432.1,0,800,1
2022-11-11 17:00:00,432.4,0,800,1
2022-11-11 18:00:00,432.7,0,800,1
2022-11-11 19:00:00,432.9,0,800,1
2022-11-11 20:00:00,432.9,0,800,1
2022-11-11 21:00:00,433.1,0,800,1
2022-11-11 22:00:00,433.2,0,800,1
2022-11-11 23:00:00,433.5,0,800,1
2022-11-12 00:00:00,433.4,0,800,1
2022-11-12 01:00:00,433.5,0,800,1
2022-11-12 02:00:00,433.5,0,800,1
2022-11-12 03:00:00,433.6,0,800,1
2022-11-12 04:00:00,433.5,0,800,1
2022-11-12 05:00:00,433.5,0,800,1
2022-11-12 06:00:00,433.5,0,800,1
2022-11-12 07:00:00,433.7,0,800,1
2022-11-12 08:00:00,433.6,0,800,1
2022-11-12 09:00:00,433.4,0,800,1
2022-11-12 10:00:00,433.3,0,800,1
2022-11-12 11:00:00,433.1,0,800,1
2022-11-12 12:00:00,432.9,0,800,1
2022-11-12 13:00:00,432.8,0,800,1
2022-11-12 14:00:00,432.7,0,800,1
2022-11-12 15:00:00,432.6,0,800,1
2022-11-12 16:00:00,432.5,0,800,1
2022-11-12 17:00:00,432.5,0,800,1
2022-11-12 18:00:00,432.4,0,800,1
2022-11-12 19:00:00,432.6,0,800,1
2022-11-12 20:00:00,432.8,0,800,1
2022-11-12 21:00:00,432.9,0,800,1
2022-11-12 22:00:00,433.1,0,800,1
2022-11-12 23:00:00,433.2,0,800,1
2022-11-13 00:00:00,433.3,0,800,1
